timestamp,x,y,speed_kmh,acceleration,throttle,brake,steering,gear,lap
0.0,-0.0163,0.0126,213.317,0.0,0.0,0.0,0.24,6,1
0.0167,1.0133,-0.0014,214.682,0.0,0.0,0.0,0.291,6,1
0.0333,1.8415,-0.2345,219.603,0.0,0.0,0.0,0.411,6,1
0.05,2.9677,-0.0282,213.875,0.0,0.034,0.014,0.122,6,1
0.0667,3.9589,-0.0443,214.862,0.0,0.013,0.0,-0.601,6,1
0.0833,5.0434,0.0921,218.455,0.0,0.041,0.023,-0.991,6,1
0.1,6.0086,0.1266,216.92,0.0,0.017,0.0,0.288,6,1
0.1167,7.0977,0.0399,215.057,0.0,0.0,0.04,-0.366,6,1
0.1333,7.9873,-0.0152,219.019,0.0,0.0,0.0,-0.279,6,1
0.15,8.9653,0.0806,217.841,0.0,0.01,0.025,-0.358,6,1
0.1667,10.1524,-0.0562,215.348,0.0,0.015,0.0,-0.324,6,1
0.1833,11.0733,-0.016,218.423,0.0,0.033,0.002,-0.194,6,1
0.2,12.1069,0.0138,215.811,0.0,0.0,0.0,0.786,6,1
0.2167,13.0743,0.1035,215.423,0.0,0.0,0.0,-0.399,6,1
0.2333,14.0457,0.0425,216.763,0.0,0.0,0.008,-0.002,6,1
0.25,14.8307,0.0095,215.489,0.0,0.014,0.0,0.228,6,1
0.2667,15.8484,-0.0447,214.532,0.0,0.008,0.0,0.075,6,1
0.2833,16.955,-0.0615,215.727,0.0,0.008,0.004,-0.146,6,1
0.3,17.9087,-0.0722,217.245,0.0,0.009,0.014,-0.054,6,1
0.3167,19.0708,0.0006,214.754,0.0,0.0,0.0,-0.739,6,1
0.3333,20.0145,-0.0036,213.763,0.0,0.0,0.012,-0.047,6,1
0.35,21.0926,0.0922,215.06,0.0,0.0,0.02,-0.187,6,1
0.3667,21.9984,-0.0247,217.53,0.0,0.0,0.0,0.503,6,1
0.3833,22.9924,-0.111,214.765,0.0,0.0,0.0,-0.194,6,1
0.4,24.0318,-0.0885,215.557,0.0,0.002,0.0,-0.335,6,1
0.4167,24.9885,-0.1308,216.587,0.0,0.016,0.001,0.56,6,1
0.4333,25.9863,0.089,216.336,0.0,0.004,0.015,-0.462,6,1
0.45,26.9984,0.128,214.211,0.0,0.023,0.0,0.137,6,1
0.4667,27.9434,-0.0922,213.283,0.0,0.024,0.004,0.012,6,1
0.4833,29.0357,0.0377,217.989,0.0,0.006,0.0,0.349,6,1
0.5,29.9598,0.0806,215.728,0.0,0.0,0.018,-0.534,6,1
0.5167,31.1141,0.0101,215.605,0.0,0.033,0.002,-0.269,6,1
0.5333,32.065,-0.058,215.692,0.0,0.0,0.0,-0.118,6,1
0.55,33.0428,-0.029,214.648,0.0,0.0,0.001,0.161,6,1
0.5667,34.2249,0.0106,215.036,0.0,0.006,0.018,0.196,6,1
0.5833,34.9861,-0.1337,215.574,0.0,0.0,0.021,-0.293,6,1
0.6,36.085,-0.059,218.843,0.0,0.015,0.021,0.19,6,1
0.6167,37.061,0.0617,218.377,0.0,0.037,0.0,-0.347,6,1
0.6333,38.1213,0.0003,212.903,0.0,0.004,0.0,-0.22,6,1
0.65,39.0521,0.0408,216.039,0.0,0.0,0.014,-0.001,6,1
0.6667,39.9502,0.0887,219.504,0.0,0.0,0.001,0.225,6,1
0.6833,40.9298,0.1286,215.36,0.0,0.016,0.008,0.023,6,1
0.7,41.9546,0.0233,216.636,0.0,0.0,0.037,0.318,6,1
0.7167,42.8865,0.0159,214.776,0.0,0.017,0.0,-0.294,6,1
0.7333,43.9275,-0.0041,216.694,0.0,0.009,0.039,0.171,6,1
0.75,45.0667,0.1013,216.492,0.0,0.0,0.025,0.075,6,1
0.7667,46.0042,-0.004,217.464,0.0,0.028,0.011,-0.314,6,1
0.7833,46.9446,0.0198,217.584,0.0,0.037,0.0,0.003,6,1
0.8,48.1124,-0.0642,217.307,0.0,0.034,0.0,0.053,6,1
0.8167,48.8144,-0.086,216.185,0.0,0.01,0.03,0.142,6,1
0.8333,49.9054,0.0113,217.735,0.0,0.0,0.0,0.37,6,1
0.85,50.9446,0.1758,214.796,0.0,0.0,0.003,-0.078,6,1
0.8667,52.0137,0.0908,215.724,0.0,0.015,0.0,-0.302,6,1
0.8833,53.0171,0.0195,217.262,0.0,0.012,0.0,0.333,6,1
0.9,54.0124,-0.0316,218.279,0.0,0.01,0.002,-0.12,6,1
0.9167,55.0433,-0.1277,214.839,0.0,0.0,0.017,-0.169,6,1
0.9333,55.9612,-0.0182,214.672,0.0,0.024,0.005,-0.655,6,1
0.95,56.9589,0.0602,217.043,0.0,0.0,0.0,0.489,6,1
0.9667,57.9069,0.0099,215.971,0.0,0.0,0.002,0.019,6,1
0.9833,58.9947,-0.0812,217.601,0.0,0.003,0.0,-0.169,6,1
1.0,60.0242,-0.002,215.039,0.0,0.006,0.0,-0.112,6,1
1.0167,61.0485,-0.0304,221.714,0.0,0.012,0.034,0.597,6,1
1.0333,62.0103,-0.042,214.846,0.0,0.007,0.006,-0.255,6,1
1.05,63.0033,-0.1587,216.849,0.0,0.0,0.003,0.02,6,1
1.0667,64.0345,0.0243,215.445,0.0,0.0,0.0,-0.494,6,1
1.0833,64.9446,-0.1,214.627,0.0,0.0,0.0,0.435,6,1
1.1,66.0203,0.1039,219.264,0.0,0.001,0.0,-0.037,6,1
1.1167,67.0801,0.1263,217.621,0.0,0.0,0.0,-0.087,6,1
1.1333,67.9924,0.0051,214.653,0.0,0.0,0.005,-0.309,6,1
1.15,69.0237,-0.0146,212.55,0.0,0.002,0.024,-0.13,6,1
1.1667,70.0257,0.0089,216.765,0.0,0.014,0.0,-0.522,6,1
1.1833,71.0826,0.0425,213.787,0.0,0.007,0.024,0.083,6,1
1.2,72.0009,-0.0092,218.719,-8.6966,0.0,0.735,0.097,6,1
1.2167,73.0291,0.0133,215.382,-10.8073,0.0,0.884,0.368,6,1
1.2334,74.0958,0.0444,212.468,-10.8074,0.0,0.85,-0.18,6,1
1.2502,74.9396,-0.1216,212.311,-10.8075,0.0,0.932,-0.378,6,1
1.267,76.0113,0.0618,215.069,-10.8076,0.0,0.882,0.051,6,1
1.2839,77.0005,-0.0866,214.543,-10.8077,0.0,0.858,0.038,6,1
1.3009,78.1208,-0.1549,209.607,-10.8078,0.0,0.911,0.139,6,1
1.3179,78.9707,-0.0092,214.275,-10.8079,0.0,0.922,0.452,6,1
1.3349,80.0577,-0.0233,212.098,-10.808,0.0,0.904,0.278,6,1
1.352,81.0289,0.1443,210.374,-10.8081,0.0,0.886,-0.341,6,1
1.3691,81.995,0.0385,209.722,-10.8082,0.0,0.913,-0.207,6,1
1.3864,83.0487,0.0702,211.762,-10.8083,0.0,0.906,-0.095,6,1
1.4036,84.0109,0.1331,208.788,-10.8085,0.0,0.889,0.679,6,1
1.4209,85.0859,-0.1343,205.982,-10.8086,0.0,0.885,-0.191,6,1
1.4383,85.9539,-0.0689,206.085,-10.8087,0.0,0.904,-0.174,6,1
1.4557,87.0665,-0.0072,202.541,-10.8088,0.0,0.909,0.104,6,1
1.4732,88.0529,-0.1451,206.303,-10.8089,0.0,0.865,-0.093,6,1
1.4908,88.9463,-0.0771,204.125,-10.809,0.0,0.879,-0.057,6,1
1.5084,89.9689,-0.0386,201.384,-10.8092,0.0,0.89,-0.408,6,1
1.526,90.9952,-0.0079,202.085,-10.8093,0.0,0.891,0.081,6,1
1.5438,92.0362,0.1431,202.159,-10.8094,0.0,0.913,0.156,6,1
1.5615,92.9594,0.0572,203.388,-10.8095,0.0,0.919,-0.214,6,1
1.5794,93.9098,-0.1224,202.772,-10.8097,0.0,0.86,-0.42,6,1
1.5973,95.0914,0.0944,201.641,-10.8098,0.0,0.861,0.128,6,1
1.6153,95.9853,0.0446,201.083,-10.8099,0.0,0.906,-0.269,6,1
1.6333,96.9672,-0.0076,201.037,-10.8101,0.0,0.886,0.56,6,1
1.6514,97.9189,-0.0049,198.401,-10.8102,0.0,0.899,0.038,6,1
1.6696,99.1078,-0.0505,196.767,-10.8103,0.0,0.896,-0.088,6,1
1.6878,100.0545,0.0015,199.025,-10.8105,0.0,0.921,-0.069,6,1
1.7061,101.1189,-0.0869,198.913,-10.8106,0.0,0.864,-0.567,6,1
1.7244,101.9416,0.0469,194.903,-10.8108,0.0,0.871,0.345,6,1
1.7429,102.9942,-0.0052,197.241,-10.8109,0.0,0.901,-0.103,6,1
1.7613,103.899,0.0585,195.57,-10.8111,0.0,0.925,-0.04,6,1
1.7799,105.0732,-0.0359,194.363,-10.8112,0.0,0.894,0.434,6,1
1.7985,105.9791,0.0836,192.962,-10.8114,0.0,0.898,-0.191,6,1
1.8172,106.8527,0.0555,191.503,-10.8115,0.0,0.953,0.614,6,1
1.836,107.9798,0.0094,192.29,-10.8117,0.0,0.883,-0.367,6,1
1.8549,109.1385,-0.0407,189.638,-10.8118,0.0,0.912,0.3,6,1
1.8738,110.1361,-0.1198,192.363,-10.812,0.0,0.896,0.156,6,1
1.8928,110.8989,-0.121,189.925,-10.8122,0.0,0.902,0.808,6,1
1.9118,111.907,-0.0027,188.336,-10.8123,0.0,0.893,0.012,6,1
1.931,112.9913,0.0701,187.941,-10.8125,0.0,0.909,0.066,6,1
1.9502,113.8717,-0.0653,186.148,-10.8127,0.0,0.89,-0.218,6,1
1.9695,115.159,0.0135,187.358,-10.8128,0.0,0.892,-0.067,6,1
1.9888,115.9805,-0.1687,185.215,-10.813,0.0,0.92,0.151,6,1
2.0083,117.0962,0.1757,183.487,-10.8132,0.0,0.914,-0.117,6,1
2.0278,117.984,0.0034,185.14,-10.8134,0.0,0.914,-0.716,6,1
2.0474,119.0502,-0.0815,184.27,-10.8136,0.0,0.933,-0.057,6,1
2.0671,120.0923,-0.1039,184.802,-10.8138,0.0,0.936,0.124,6,1
2.0869,121.0481,-0.033,181.054,-10.814,0.0,0.898,-0.247,6,1
2.1067,121.9692,0.0526,182.466,-10.8142,0.0,0.906,-0.25,6,1
2.1267,123.0524,-0.065,177.522,-10.8144,0.0,0.89,0.004,5,1
2.1467,124.1893,0.0567,178.995,-10.8146,0.0,0.919,-0.302,5,1
2.1668,125.1888,-0.1114,181.509,-10.8148,0.0,0.899,-0.003,6,1
2.187,125.9371,-0.0375,179.111,-10.815,0.0,0.889,0.427,5,1
2.2073,127.1121,-0.0246,177.194,-10.8152,0.0,0.914,-0.205,5,1
2.2277,127.9479,-0.0777,178.317,-10.8154,0.0,0.875,0.34,5,1
2.2482,128.954,-0.0037,175.766,-10.8156,0.0,0.877,-0.23,5,1
2.2688,130.1651,0.0609,173.973,-10.8159,0.0,0.912,0.32,5,1
2.2894,130.9007,-0.1266,174.85,-10.8161,0.0,0.908,-0.345,5,1
2.3102,132.0166,0.167,173.128,-10.8163,0.0,0.92,0.009,5,1
2.331,132.9428,-0.0193,172.102,-10.8166,0.0,0.909,-0.16,5,1
2.352,133.9858,0.0851,173.223,-10.8168,0.0,0.91,0.178,5,1
2.3731,134.9283,0.0097,171.755,-10.8171,0.0,0.878,-0.037,5,1
2.3942,135.8545,-0.0272,168.981,-10.8173,0.0,0.928,0.005,5,1
2.4155,137.0634,0.0815,168.857,-10.8176,0.0,0.888,0.208,5,1
2.4368,137.9631,-0.0689,166.41,-10.8178,0.0,0.871,-0.121,5,1
2.4583,139.0438,0.0134,167.114,-10.8181,0.0,0.912,0.433,5,1
2.4799,139.8916,0.0405,167.446,-10.8184,0.0,0.921,0.313,5,1
2.5016,140.9378,0.0613,165.387,-10.8187,0.0,0.909,-0.008,5,1
2.5234,141.9834,-0.145,164.591,-10.819,0.0,0.904,-0.47,5,1
2.5453,142.8583,0.1088,163.186,-10.8192,0.0,0.878,0.336,5,1
2.5673,144.0937,0.0054,161.522,-10.8195,0.0,0.908,0.011,5,1
2.5895,144.986,0.0523,161.433,-10.8199,0.0,0.908,-0.18,5,1
2.6117,146.0135,0.0815,162.151,-10.8202,0.0,0.931,-0.199,5,1
2.6341,147.1211,-0.0837,158.651,-10.8205,0.0,0.896,-0.387,5,1
2.6566,147.9944,0.0151,158.929,-10.8208,0.0,0.903,0.295,5,1
2.6792,149.077,-0.0187,159.314,-10.8211,0.0,0.948,0.051,5,1
2.702,149.9781,-0.0382,156.798,-10.8215,0.0,0.898,0.26,5,1
2.7249,150.9526,0.0287,158.568,-10.8218,0.0,0.929,0.387,5,1
2.7479,152.11,-0.2384,156.921,-10.8222,0.0,0.851,-0.506,5,1
2.771,152.8243,0.0473,156.058,-10.8226,0.0,0.897,-0.143,5,1
2.7943,153.9684,-0.0713,152.78,-10.8229,0.0,0.909,0.193,5,1
2.8177,155.0847,-0.026,156.172,-10.8233,0.0,0.9,-0.575,5,1
2.8413,156.0539,0.0767,151.151,-10.8237,0.0,0.883,0.025,5,1
2.865,156.9453,0.047,152.586,-10.8241,0.0,0.884,-0.17,5,1
2.8888,158.04,-0.0586,152.914,-10.8245,0.0,0.925,-0.108,5,1
2.9128,159.087,-0.0238,148.945,-10.8249,0.0,0.875,0.065,5,1
2.937,159.9876,-0.0936,148.6,-10.8254,0.0,0.925,0.163,5,1
2.9613,161.0141,0.0387,146.712,-10.8258,0.0,0.919,0.553,5,1
2.9857,162.0212,0.0276,149.519,-10.8263,0.0,0.868,-0.134,5,1
3.0103,163.0728,-0.0168,147.503,-10.8267,0.0,0.93,0.464,5,1
3.0351,163.7793,0.0248,145.987,-10.8272,0.0,0.934,-0.264,5,1
3.06,165.0218,-0.0359,143.525,-10.8277,0.0,0.886,0.112,5,1
3.0851,166.088,-0.1169,143.066,-10.8282,0.0,0.913,-0.083,5,1
3.1104,167.0689,-0.0759,142.581,-10.8287,0.0,0.942,0.471,5,1
3.1359,168.0435,-0.083,140.103,-10.8293,0.0,0.893,-0.787,5,1
3.1615,168.9412,0.0613,139.733,-10.8298,0.0,0.951,-0.131,5,1
3.1873,169.9385,0.0898,138.502,-10.8304,0.0,0.887,0.088,5,1
3.2133,170.9809,0.0471,137.945,-10.831,0.0,0.905,-0.301,5,1
3.2395,172.1069,0.0282,135.485,-10.8316,0.0,0.921,-0.025,5,1
3.2659,173.0286,-0.0531,136.389,-10.8322,0.0,0.902,-0.238,5,1
3.2925,174.0936,-0.1311,133.648,-10.8328,0.0,0.9,-0.57,5,1
3.3193,175.1178,0.0626,133.121,-10.8335,0.0,0.856,-0.06,5,1
3.3463,176.0268,-0.0294,133.417,-10.8342,0.0,0.899,0.18,5,1
3.3736,176.9631,0.189,129.745,-10.8349,0.0,0.928,-0.217,4,1
3.401,177.966,0.0845,130.116,-10.8356,0.0,0.898,0.48,5,1
3.4287,178.8812,0.1081,130.853,-10.8363,0.0,0.903,-0.102,5,1
3.4566,179.995,0.047,128.414,-10.8371,0.0,0.936,0.323,4,1
3.4847,180.9324,-0.0721,127.919,-10.8379,0.0,0.943,0.025,4,1
3.5131,181.953,-0.0044,125.902,-10.8387,0.0,0.899,-0.419,4,1
3.5418,183.0485,-0.0755,124.996,-10.8396,0.0,0.919,-0.413,4,1
3.5707,183.9675,-0.0069,124.358,-10.8405,0.0,0.922,0.486,4,1
3.5998,185.0388,0.0021,123.136,-10.8414,0.0,0.902,0.018,4,1
3.6293,185.9918,0.0953,120.435,-10.8424,0.0,0.923,0.043,4,1
3.659,187.1258,0.0897,121.261,-10.8434,0.0,0.893,-0.113,4,1
3.689,188.1622,-0.0494,119.64,-10.8444,0.0,0.897,0.345,4,1
3.7192,189.0149,-0.0943,118.926,-10.8455,0.0,0.917,0.559,4,1
3.7498,189.9119,-0.0755,118.015,-10.8466,0.0,0.863,0.188,4,1
3.7808,190.8088,0.0271,115.607,-10.8478,0.0,0.916,-0.182,4,1
3.812,191.9197,-0.1395,114.855,-10.849,0.0,0.874,-0.014,4,1
3.8436,193.0662,-0.0335,114.906,-10.8503,0.0,0.919,0.338,4,1
3.8755,194.0008,0.0594,112.536,-10.8516,0.0,0.914,-0.313,4,1
3.9077,195.0342,-0.013,110.876,-10.853,0.0,0.887,0.068,4,1
3.9404,195.9825,0.0227,109.237,-10.8545,0.0,0.897,-0.127,4,1
3.9734,196.916,-0.0776,107.521,-10.856,0.0,0.875,0.257,4,1
4.0068,198.1566,-0.0883,106.899,-10.8576,0.0,0.918,0.057,4,1
4.0406,198.8954,0.0375,106.782,-10.8593,0.0,0.899,-0.214,4,1
4.0749,199.9757,-0.168,105.933,-10.8969,0.0,0.942,-0.202,4,1
4.1271,201.5571,-0.0223,102.349,0.0,0.017,0.0,1.192,4,1
4.1799,203.0333,-0.0443,103.459,0.0,0.0,0.0,0.705,4,1
4.2326,204.5187,0.0977,102.777,0.0,0.001,0.034,0.911,4,1
4.2854,206.0599,0.276,103.087,0.0,0.0,0.003,0.904,4,1
4.3381,207.4876,0.3728,101.712,0.0,0.0,0.011,2.023,4,1
4.3909,208.9964,0.586,102.385,0.0,0.013,0.0,1.17,4,1
4.4436,210.3024,0.8259,102.152,0.0,0.027,0.0,1.262,4,1
4.4964,212.0166,1.06,101.21,0.0,0.0,0.0,1.047,4,1
4.5491,213.4263,1.2592,103.374,0.0,0.0,0.02,0.922,4,1
4.6019,215.0238,1.3681,102.531,0.0,0.069,0.005,1.134,4,1
4.6546,216.525,1.859,102.006,0.0,0.005,0.0,1.678,4,1
4.7074,217.8711,2.1414,101.61,0.0,0.0,0.0,0.892,4,1
4.7601,219.3177,2.4373,103.482,0.0,0.0,0.0,1.192,4,1
4.8129,220.7005,2.8365,101.146,0.0,0.017,0.0,1.303,4,1
4.8656,222.0885,3.408,103.529,0.0,0.02,0.0,1.694,4,1
4.9184,223.4501,3.8831,104.359,0.0,0.006,0.0,0.961,4,1
4.9712,225.1187,4.2763,102.389,0.0,0.017,0.0,0.995,4,1
5.0239,226.3432,4.8901,102.307,0.0,0.01,0.0,0.866,4,1
5.0767,227.7685,5.3581,103.543,0.0,0.0,0.0,1.142,4,1
5.1294,229.1885,5.7649,101.599,0.0,0.0,0.0,1.227,4,1
5.1822,230.4982,6.5397,103.043,0.0,0.0,0.006,1.194,4,1
5.2349,232.0163,7.2417,102.242,0.0,0.0,0.011,1.38,4,1
5.2877,233.2153,7.7893,102.499,0.0,0.027,0.005,1.122,4,1
5.3404,234.5316,8.4206,101.546,0.0,0.0,0.0,1.055,4,1
5.3932,236.0275,9.2374,103.679,0.0,0.0,0.0,0.509,4,1
5.4459,237.2985,9.8334,101.055,0.0,0.009,0.002,1.851,4,1
5.4987,238.5754,10.6161,102.767,0.0,0.0,0.009,1.632,4,1
5.5514,239.9034,11.3658,102.469,0.0,0.022,0.011,1.537,4,1
5.6042,241.1601,12.3276,101.719,0.0,0.0,0.0,1.451,4,1
5.6569,242.2865,13.0653,101.455,0.0,0.0,0.0,1.43,4,1
5.7097,243.6976,14.0481,102.86,0.0,0.007,0.013,1.411,4,1
5.7624,244.8671,14.9948,100.796,0.0,0.029,0.0,1.469,4,1
5.8152,245.9199,15.8275,102.845,0.0,0.016,0.0,0.672,4,1
5.8679,247.1861,16.7254,102.44,0.0,0.0,0.0,0.856,4,1
5.9207,248.4122,17.7015,102.168,0.0,0.002,0.006,0.625,4,1
5.9735,249.3895,18.6857,103.316,0.0,0.0,0.025,1.188,4,1
6.0262,250.5119,19.6816,102.412,0.0,0.003,0.0,1.329,4,1
6.079,251.7463,20.5004,103.306,0.0,0.0,0.009,1.587,4,1
6.1317,252.793,21.7872,103.317,0.0,0.001,0.0,0.742,4,1
6.1845,253.8209,22.7619,101.996,0.0,0.0,0.031,1.208,4,1
6.2372,254.8627,23.8586,103.557,0.0,0.025,0.0,1.295,4,1
6.29,255.8888,25.0513,103.331,0.0,0.002,0.033,1.473,4,1
6.3427,256.8918,26.1108,101.951,0.0,0.003,0.0,0.765,4,1
6.3955,257.8553,27.2967,103.506,0.0,0.008,0.022,1.746,4,1
6.4482,258.8585,28.5719,102.638,0.0,0.0,0.006,1.094,4,1
6.501,259.7076,29.5165,102.185,0.0,0.0,0.0,0.903,4,1
6.5537,260.4752,30.813,101.485,0.0,0.0,0.016,1.401,4,1
6.6065,261.3768,31.9143,101.868,0.0,0.023,0.0,1.469,4,1
6.6592,262.3419,33.3202,102.709,0.0,0.012,0.0,1.788,4,1
6.712,263.214,34.4861,100.68,0.0,0.0,0.018,1.492,4,1
6.7647,263.8517,35.7504,102.636,0.0,0.0,0.018,1.334,4,1
6.8175,264.7087,37.0362,101.881,0.0,0.002,0.0,1.073,4,1
6.8702,265.4164,38.3029,100.604,0.0,0.0,0.0,1.45,4,1
6.923,266.1113,39.611,101.236,0.0,0.0,0.026,1.529,4,1
6.9757,266.9255,40.8742,101.918,0.0,0.02,0.0,1.325,4,1
7.0285,267.5004,42.3371,103.122,0.0,0.015,0.003,1.704,4,1
7.0813,268.079,43.7188,102.991,0.0,0.016,0.025,1.864,4,1
7.134,268.8523,45.2184,103.277,0.0,0.008,0.037,1.16,4,1
7.1868,269.4811,46.4407,100.899,0.0,0.021,0.0,1.081,4,1
7.2395,269.8659,47.8074,102.716,0.0,0.003,0.028,1.014,4,1
7.2923,270.508,49.3344,103.727,0.0,0.0,0.045,1.919,4,1
7.345,271.0129,50.8868,102.999,0.0,0.012,0.013,1.813,4,1
7.3978,271.4909,52.2133,102.462,0.0,0.003,0.009,1.599,4,1
7.4505,271.77,53.5954,103.432,0.0,0.0,0.0,0.951,4,1
7.5033,272.36,55.1516,103.147,0.0,0.0,0.0,1.246,4,1
7.556,272.6323,56.4435,101.889,0.0,0.0,0.0,1.568,4,1
7.6088,272.9248,57.9166,102.98,0.0,0.002,0.006,0.937,4,1
7.6615,273.3095,59.3829,102.541,0.0,0.0,0.0,0.556,4,1
7.7143,273.7325,60.7696,101.93,0.0,0.0,0.0,1.379,4,1
7.767,273.9429,62.3188,102.052,0.0,0.0,0.032,1.473,4,1
7.8198,274.1969,63.7889,102.179,0.0,0.017,0.0,1.294,4,1
7.8725,274.3332,65.2938,101.861,0.0,0.022,0.0,1.222,4,1
7.9253,274.5798,66.7979,102.183,0.0,0.024,0.0,1.533,4,1
7.978,274.5858,68.2734,103.079,0.0,0.0,0.021,1.626,4,1
8.0308,274.677,69.6891,102.336,0.0,0.0,0.01,1.178,4,1
8.0835,274.8853,71.1863,103.302,0.0,0.02,0.015,0.979,4,1
8.1363,275.0,72.7984,101.367,0.0,0.0,0.0,1.488,4,1
8.1891,275.2357,74.2013,101.554,0.0,0.0,0.0,1.07,4,1
8.2418,274.9912,75.6846,102.955,0.0,0.0,0.0,1.242,4,1
8.2946,274.9049,77.3089,104.414,0.0,0.014,0.0,1.118,4,1
8.3473,274.8688,78.775,102.429,0.0,0.022,0.003,1.357,4,1
8.4001,274.877,80.2751,102.857,0.0,0.015,0.011,1.516,4,1
8.4528,274.558,81.7828,102.472,0.0,0.018,0.017,1.453,4,1
8.5056,274.5636,83.3317,102.026,0.0,0.008,0.018,1.329,4,1
8.5583,274.412,84.6227,101.677,0.0,0.0,0.0,1.675,4,1
8.6111,274.0748,86.1285,102.417,0.0,0.0,0.0,1.82,4,1
8.6638,273.8694,87.7735,103.394,0.0,0.0,0.0,1.094,4,1
8.7166,273.5178,89.1068,102.453,0.0,0.0,0.0,1.189,4,1
8.7693,273.2298,90.6641,101.769,0.0,0.057,0.0,1.426,4,1
8.8221,273.1041,92.2082,101.767,0.0,0.0,0.013,1.059,4,1
8.8748,272.6588,93.6752,101.037,0.0,0.03,0.0,0.933,4,1
8.9276,272.254,95.1009,101.811,0.0,0.027,0.0,1.509,4,1
8.9803,271.9026,96.3732,102.2,0.0,0.0,0.0,0.979,4,1
9.0331,271.3629,97.8405,102.288,0.0,0.013,0.001,1.31,4,1
9.0858,270.8915,99.2561,101.922,0.0,0.004,0.0,1.28,4,1
9.1386,270.3416,100.769,101.848,0.0,0.0,0.0,0.607,4,1
9.1914,269.846,102.2025,103.45,0.0,0.0,0.023,1.151,4,1
9.2441,269.3154,103.6743,102.083,0.0,0.035,0.0,1.265,4,1
9.2969,268.8894,104.8498,102.424,0.0,0.012,0.031,1.222,4,1
9.3496,268.1389,106.3637,102.379,0.0,0.0,0.0,1.436,4,1
9.4024,267.4087,107.5476,101.822,0.0,0.0,0.003,1.329,4,1
9.4551,266.8572,108.9648,102.797,0.0,0.0,0.0,1.464,4,1
9.5079,266.1045,110.2662,102.299,0.0,0.028,0.0,1.269,4,1
9.5606,265.4646,111.6164,103.452,0.0,0.006,0.005,1.684,4,1
9.6134,264.7305,113.022,102.861,0.0,0.0,0.0,0.928,4,1
9.6661,263.9102,114.1526,102.839,0.0,0.0,0.017,1.19,4,1
9.7189,263.0127,115.4281,102.64,0.0,0.019,0.016,0.911,4,1
9.7716,262.4094,116.8085,102.328,0.0,0.0,0.014,1.151,4,1
9.8244,261.5785,117.9414,100.637,0.0,0.0,0.0,1.125,4,1
9.8771,260.4651,119.2236,103.293,0.0,0.014,0.041,1.514,4,1
9.9299,259.7284,120.3968,102.69,0.0,0.0,0.0,1.058,4,1
9.9826,258.8063,121.7329,100.987,0.0,0.0,0.0,1.284,4,1
10.0354,257.9612,122.849,102.103,0.0,0.0,0.0,1.412,4,1
10.0881,256.8254,123.9118,101.832,0.0,0.025,0.024,1.616,4,1
10.1409,255.8758,124.9225,102.451,0.0,0.002,0.0,1.251,4,1
10.1936,254.8269,126.0402,101.12,0.0,0.0,0.0,0.031,4,1
10.2464,253.7958,127.2376,102.624,0.0,0.024,0.002,1.925,4,1
10.2992,252.8885,128.2167,102.054,0.0,0.019,0.0,1.404,4,1
10.3519,251.5616,129.467,103.359,0.0,0.023,0.0,0.326,4,1
10.4047,250.5216,130.43,101.746,0.0,0.0,0.0,1.24,4,1
10.4574,249.4278,131.3713,101.833,0.0,0.01,0.0,0.964,4,1
10.5102,248.3733,132.3802,100.986,0.0,0.0,0.067,1.163,4,1
10.5629,247.3122,133.4809,101.958,0.0,0.021,0.001,1.181,4,1
10.6157,246.0372,134.1161,103.13,0.0,0.008,0.002,1.223,4,1
10.6684,244.8416,135.0866,103.639,0.0,0.0,0.0,0.908,4,1
10.7212,243.6582,136.0721,102.621,0.0,0.0,0.0,1.728,4,1
10.7739,242.2906,136.7785,103.49,0.0,0.0,0.0,1.203,4,1
10.8267,240.9119,137.6451,102.921,0.0,0.0,0.011,1.368,4,1
10.8794,239.9164,138.5642,102.112,0.0,0.0,0.0,1.184,4,1
10.9322,238.6834,139.2372,102.838,0.0,0.005,0.0,1.088,4,1
10.9849,237.3205,139.8983,103.092,0.0,0.039,0.052,0.266,4,1
11.0377,236.0892,140.6139,102.18,0.0,0.0,0.023,1.116,4,1
11.0904,234.7189,141.57,102.299,0.0,0.0,0.0,0.787,4,1
11.1432,233.4236,142.1255,102.562,0.0,0.029,0.007,1.461,4,1
11.1959,232.0239,142.9245,102.35,0.0,0.0,0.003,1.176,4,1
11.2487,230.6459,143.5713,103.234,0.0,0.009,0.0,0.994,4,1
11.3014,229.1064,143.9899,103.701,0.0,0.0,0.007,1.713,4,1
11.3542,227.8932,144.6505,101.649,0.0,0.01,0.0,0.783,4,1
11.407,226.4715,145.1151,100.88,0.0,0.0,0.027,0.93,4,1
11.4597,225.0551,145.8106,101.253,0.0,0.002,0.019,1.143,4,1
11.5125,223.4533,146.1428,102.506,0.0,0.01,0.04,1.183,4,1
11.5652,222.1956,146.653,102.574,0.0,0.021,0.013,1.199,4,1
11.618,220.7343,147.0976,101.162,0.0,0.013,0.0,1.225,4,1
11.6707,219.2613,147.5127,102.75,0.0,0.0,0.0,1.15,4,1
11.7235,217.8454,147.6836,102.221,0.0,0.0,0.0,2.086,4,1
11.7762,216.4659,148.2636,101.378,0.0,0.0,0.023,0.991,4,1
11.829,214.9616,148.5214,101.702,0.0,0.01,0.026,1.304,4,1
11.8817,213.5686,148.9092,104.62,0.0,0.006,0.013,1.423,4,1
11.9345,211.8644,148.977,101.531,0.0,0.0,0.023,1.438,4,1
11.9872,210.5344,149.1674,104.422,0.0,0.0,0.017,1.533,4,1
12.04,208.9869,149.3528,102.007,0.0,0.001,0.0,1.148,4,1
12.0927,207.5922,149.7365,102.871,0.0,0.028,0.0,0.986,4,1
12.1455,205.9721,149.9855,101.166,0.0,0.001,0.0,1.341,4,1
12.1982,204.6363,149.8226,103.893,0.0,0.0,0.015,1.191,4,1
12.251,203.1056,149.9368,103.285,0.0,0.01,0.0,1.33,4,1
12.3037,201.5426,150.0884,103.244,0.0,0.001,0.01,1.212,4,1
12.3565,200.017,149.9983,102.968,10.72,0.823,0.0,0.709,4,1
12.3914,198.9265,149.8914,104.219,10.7218,0.816,0.0,0.411,4,1
12.4259,198.003,149.9756,105.862,10.7236,0.866,0.0,-0.481,4,1
12.4599,197.0621,149.9002,105.294,10.7252,0.867,0.0,0.224,4,1
12.4935,195.9871,149.9141,107.037,10.7268,0.865,0.0,0.13,4,1
12.5268,194.9039,150.0153,108.486,10.7283,0.816,0.0,-0.036,4,1
12.5596,194.0007,149.9961,109.64,10.7297,0.862,0.0,-0.289,4,1
12.592,193.0483,150.025,112.144,10.731,0.832,0.0,-0.14,4,1
12.6241,192.0041,149.9743,112.563,10.7324,0.857,0.0,0.008,4,1
12.6559,190.9541,150.0393,114.513,10.7336,0.857,0.0,0.16,4,1
12.6873,190.0383,149.9043,114.677,10.7348,0.826,0.0,-0.15,4,1
12.7183,189.1382,150.0382,116.996,10.7359,0.865,0.0,0.1,4,1
12.7491,188.0164,149.9214,118.442,10.737,0.883,0.0,-0.009,4,1
12.7795,186.8201,149.9295,117.126,10.7381,0.876,0.0,0.29,4,1
12.8097,186.0843,150.0488,118.598,10.7391,0.8,0.0,0.157,4,1
12.8395,184.9102,149.9316,121.72,10.7401,0.826,0.0,0.352,4,1
12.8691,183.9087,149.9778,122.807,10.741,0.841,0.0,0.336,4,1
12.8984,183.0502,150.1289,124.136,10.7419,0.839,0.0,0.125,4,1
12.9274,182.0389,149.9462,123.206,10.7428,0.827,0.0,-0.522,4,1
12.9562,180.9885,149.9716,124.753,10.7437,0.838,0.0,-0.382,4,1
12.9847,180.0104,149.9709,125.625,10.7445,0.831,0.0,0.207,4,1
13.0129,179.0015,150.063,126.618,10.7453,0.831,0.0,0.598,4,1
13.041,177.9798,150.0709,129.662,10.746,0.83,0.0,-0.137,4,1
13.0688,176.9116,149.9901,128.993,10.7468,0.846,0.0,-0.254,4,1
13.0963,176.1591,150.0234,130.529,10.7475,0.839,0.0,-0.186,5,1
13.1237,175.0137,149.8729,130.938,10.7482,0.821,0.0,0.094,5,1
13.1508,173.9975,150.0559,132.375,10.7488,0.827,0.0,0.3,5,1
13.1777,172.9628,149.8848,135.5,10.7495,0.804,0.0,0.106,5,1
13.2044,172.071,149.9521,134.805,10.7501,0.861,0.0,0.64,5,1
13.2309,170.9734,149.9601,138.298,10.7507,0.826,0.0,-0.018,5,1
13.2572,169.8792,149.9385,137.301,10.7513,0.872,0.0,-0.301,5,1
13.2833,168.8652,149.9229,138.019,10.7519,0.89,0.0,0.258,5,1
13.3092,168.1373,149.9182,138.382,10.7525,0.827,0.0,-0.205,5,1
13.3349,166.9737,149.9231,138.99,10.753,0.814,0.0,0.432,5,1
13.3605,165.9977,150.0064,139.946,10.7535,0.853,0.0,0.394,5,1
13.3858,164.9509,149.9605,141.457,10.754,0.851,0.0,0.169,5,1
13.411,163.927,150.0267,143.832,10.7545,0.839,0.0,-0.073,5,1
13.4361,162.9416,150.1174,146.226,10.755,0.86,0.0,-0.238,5,1
13.4609,161.9644,150.1243,145.354,10.7555,0.849,0.0,0.534,5,1
13.4856,160.9181,149.9091,144.971,10.756,0.845,0.0,-0.254,5,1
13.5101,159.892,150.0359,148.841,10.7564,0.829,0.0,0.097,5,1
13.5345,159.1019,150.1017,147.744,10.7569,0.869,0.0,0.248,5,1
13.5587,157.9786,150.079,149.552,10.7573,0.818,0.0,-0.045,5,1
13.5828,156.9753,150.03,148.448,10.7577,0.824,0.0,0.158,5,1
13.6067,155.9223,150.0048,150.958,10.7581,0.849,0.0,0.176,5,1
13.6305,155.0589,149.9521,152.978,10.7585,0.842,0.0,0.014,5,1
13.6541,153.9618,149.9717,154.457,10.7589,0.832,0.0,-0.199,5,1
13.6776,152.9922,150.0328,155.232,10.7593,0.825,0.0,0.126,5,1
13.7009,152.1331,149.9833,154.627,10.7596,0.84,0.0,-0.076,5,1
13.7242,151.0582,150.1319,154.526,10.76,0.854,0.0,0.34,5,1
13.7472,149.9592,149.9297,156.304,10.7603,0.858,0.0,-0.255,5,1
13.7702,148.993,150.0245,156.848,10.7607,0.87,0.0,0.02,5,1
13.793,148.0179,150.0284,157.309,10.761,0.842,0.0,0.177,5,1
13.8157,147.0316,150.0595,156.695,10.7614,0.852,0.0,-0.048,5,1
13.8382,145.9208,149.9575,158.483,10.7617,0.848,0.0,0.131,5,1
13.8607,144.8527,150.1023,160.977,10.762,0.864,0.0,-0.158,5,1
13.883,143.8814,150.0711,162.691,10.7623,0.837,0.0,0.133,5,1
13.9052,143.0199,149.8943,162.142,10.7626,0.857,0.0,0.002,5,1
13.9273,141.9366,149.89,163.243,10.7629,0.861,0.0,-0.397,5,1
13.9493,141.0089,150.1083,162.425,10.7632,0.818,0.0,-0.475,5,1
13.9711,139.8432,150.0593,164.5,10.7635,0.84,0.0,-0.225,5,1
13.9929,139.1291,150.137,167.877,10.7638,0.866,0.0,0.275,5,1
14.0145,138.0143,150.1719,167.259,10.764,0.842,0.0,-0.167,5,1
14.036,136.9182,150.0814,168.001,10.7643,0.839,0.0,0.106,5,1
14.0574,136.0682,150.0471,170.216,10.7646,0.817,0.0,0.374,5,1
14.0788,135.0736,150.1461,170.03,10.7648,0.843,0.0,0.28,5,1
14.1,133.9382,149.9477,170.478,10.7651,0.849,0.0,0.09,5,1
14.1211,132.9609,149.9111,171.804,10.7653,0.859,0.0,-0.141,5,1
14.1421,131.9631,150.085,172.283,10.7655,0.852,0.0,-0.196,5,1
14.163,130.9563,149.8859,174.591,10.7658,0.826,0.0,0.154,5,1
14.1838,130.0995,150.1159,171.223,10.766,0.866,0.0,-0.299,5,1
14.2045,128.9285,150.05,174.128,10.7663,0.873,0.0,0.039,5,1
14.2251,128.091,149.9366,175.538,10.7665,0.85,0.0,0.306,5,1
14.2457,127.2092,150.0339,172.697,10.7667,0.839,0.0,0.416,5,1
14.2661,126.0755,149.9522,176.866,10.7669,0.832,0.0,0.238,5,1
14.2864,124.8811,149.8479,177.855,10.7671,0.806,0.0,-0.152,5,1
14.3067,123.8062,149.9213,176.909,10.7673,0.837,0.0,0.271,5,1
14.3268,123.1029,150.0912,179.349,10.7675,0.837,0.0,-0.059,5,1
14.3469,122.0342,150.1426,178.671,10.7677,0.815,0.0,-0.103,5,1
14.3669,121.1384,150.1617,180.818,10.7679,0.847,0.0,0.832,6,1
14.3868,120.0538,150.0715,180.027,10.7681,0.844,0.0,-0.289,6,1
14.4066,118.9133,150.0528,180.726,10.7683,0.863,0.0,0.0,6,1
14.4263,117.8919,150.0542,181.039,10.7685,0.863,0.0,0.063,6,1
14.446,116.9939,150.0919,184.562,10.7687,0.83,0.0,-0.484,6,1
14.4656,116.0053,150.0736,186.465,10.7689,0.853,0.0,-0.139,6,1
14.4851,115.0827,149.9213,184.88,10.7691,0.862,0.0,0.098,6,1
14.5045,113.9624,150.005,184.901,10.7692,0.852,0.0,-0.043,6,1
14.5238,113.0489,150.1197,188.368,10.7694,0.793,0.0,0.114,6,1
14.543,111.9363,149.9844,185.828,10.7696,0.854,0.0,-0.366,6,1
14.5622,111.0497,149.9138,188.914,10.7698,0.829,0.0,-0.249,6,1
14.5813,110.0879,150.0416,191.234,10.7699,0.854,0.0,-0.033,6,1
14.6003,109.029,149.9669,190.435,10.7701,0.851,0.0,-0.135,6,1
14.6193,107.8747,149.9798,189.595,10.7702,0.903,0.0,0.058,6,1
14.6382,106.8561,150.037,190.908,10.7704,0.877,0.0,-0.207,6,1
14.657,106.0629,149.8986,190.573,10.7706,0.87,0.0,0.171,6,1
14.6757,104.9027,149.9439,193.47,10.7707,0.827,0.0,0.394,6,1
14.6944,104.0185,149.9373,192.198,10.7709,0.847,0.0,-0.205,6,1
14.713,103.0955,149.9549,192.972,10.771,0.869,0.0,0.381,6,1
14.7315,101.8546,149.9733,194.943,10.7712,0.795,0.0,0.191,6,1
14.75,100.946,149.9637,196.051,10.7713,0.854,0.0,-0.481,6,1
14.7684,100.0878,150.031,197.316,5.3985,0.417,0.0,-0.158,6,1
14.7867,98.8883,149.9769,195.175,-10.8106,0.0,0.915,0.211,6,1
14.8051,98.0702,149.9663,193.591,-10.8108,0.0,0.897,-0.047,6,1
14.8235,97.0945,149.9258,194.616,-10.8109,0.0,0.917,-0.27,6,1
14.842,95.9782,149.9369,194.753,-10.8111,0.0,0.896,0.588,6,1
14.8605,94.9866,149.9838,191.968,-10.8112,0.0,0.861,-0.277,6,1
14.8792,94.0211,149.931,193.081,-10.8114,0.0,0.91,-0.379,6,1
14.8979,92.9518,149.9228,193.119,-10.8115,0.0,0.895,0.084,6,1
14.9166,92.0035,149.8905,190.131,-10.8117,0.0,0.884,-0.217,6,1
14.9355,90.9295,149.9147,191.115,-10.8118,0.0,0.903,0.11,6,1
14.9544,90.0627,150.1042,191.784,-10.812,0.0,0.897,0.192,6,1
14.9734,89.1141,149.9634,191.865,-10.8122,0.0,0.929,0.025,6,1
14.9924,88.069,150.128,188.379,-10.8123,0.0,0.908,-0.326,6,1
15.0116,87.099,150.0843,187.802,-10.8125,0.0,0.918,0.297,6,1
15.0308,85.8917,149.9372,185.033,-10.8127,0.0,0.911,0.335,6,1
15.0501,85.1004,150.0687,186.66,-10.8128,0.0,0.882,-0.347,6,1
15.0695,84.0901,150.0239,185.358,-10.813,0.0,0.919,-0.11,6,1
15.0889,82.9957,149.9884,184.138,-10.8132,0.0,0.938,0.198,6,1
15.1084,81.9569,149.9408,184.248,-10.8134,0.0,0.894,0.382,6,1
15.128,80.8798,150.0037,186.278,-10.8136,0.0,0.904,0.259,6,1
15.1477,80.0732,149.8918,182.18,-10.8138,0.0,0.927,-0.111,6,1
15.1675,78.994,149.9887,184.898,-10.814,0.0,0.924,-0.474,6,1
15.1874,78.014,149.8983,184.853,-10.8142,0.0,0.924,0.274,6,1
15.2073,77.0162,150.1414,180.985,-10.8144,0.0,0.866,-0.123,6,1
15.2273,76.0987,150.0015,178.137,-10.8146,0.0,0.89,0.16,5,1
15.2475,75.0609,149.9097,178.663,-10.8148,0.0,0.886,0.268,5,1
15.2677,74.1192,149.941,177.055,-10.815,0.0,0.891,0.347,5,1
15.288,73.0848,150.0864,175.369,-10.8152,0.0,0.9,-0.099,5,1
15.3083,72.109,149.9575,177.437,-10.8154,0.0,0.924,0.26,5,1
15.3288,71.0399,149.93,174.74,-10.8156,0.0,0.888,0.348,5,1
15.3494,69.9204,149.9628,172.822,-10.8159,0.0,0.929,0.148,5,1
15.3701,68.9646,150.0316,172.413,-10.8161,0.0,0.91,0.305,5,1
15.3908,67.9349,150.0859,173.955,-10.8163,0.0,0.858,-0.176,5,1
15.4117,66.9531,149.9233,172.366,-10.8166,0.0,0.911,-0.069,5,1
15.4326,66.1615,150.0894,172.781,-10.8168,0.0,0.861,0.169,5,1
15.4537,64.9297,149.9912,171.178,-10.8171,0.0,0.862,0.706,5,1
15.4748,64.1389,149.9587,169.035,-10.8173,0.0,0.909,-0.046,5,1
15.4961,63.01,150.1069,170.243,-10.8176,0.0,0.875,-0.507,5,1
15.5175,61.9988,149.9456,166.798,-10.8178,0.0,0.904,-0.204,5,1
15.5389,61.0731,150.0766,168.999,-10.8181,0.0,0.896,0.108,5,1
15.5605,60.0655,150.0438,166.827,-10.8184,0.0,0.875,-0.178,5,1
15.5822,59.025,149.8351,168.095,-10.8187,0.0,0.861,-0.018,5,1
15.604,57.9533,150.1432,165.515,-10.819,0.0,0.907,0.456,5,1
15.6259,57.1007,149.976,163.954,-10.8192,0.0,0.89,-0.406,5,1
15.648,55.9629,149.9753,162.822,-10.8195,0.0,0.88,-0.046,5,1
15.6701,55.0687,149.951,162.162,-10.8199,0.0,0.908,0.052,5,1
15.6924,54.0124,150.0157,160.975,-10.8202,0.0,0.915,0.231,5,1
15.7147,53.0482,150.0734,159.354,-10.8205,0.0,0.876,-0.145,5,1
15.7372,51.9347,149.9953,159.938,-10.8208,0.0,0.884,0.057,5,1
15.7599,51.0481,150.0824,158.935,-10.8211,0.0,0.908,-0.404,5,1
15.7826,49.862,150.0087,158.871,-10.8215,0.0,0.914,-0.252,5,1
15.8055,48.926,150.0999,157.898,-10.8218,0.0,0.886,-0.196,5,1
15.8285,47.9412,149.9827,156.239,-10.8222,0.0,0.937,-0.1,5,1
15.8517,47.0416,150.0095,155.987,-10.8226,0.0,0.909,-0.308,5,1
15.8749,46.1216,149.8486,153.933,-10.8229,0.0,0.89,-0.3,5,1
15.8984,45.0418,150.1287,153.291,-10.8233,0.0,0.91,0.019,5,1
15.9219,43.962,150.0196,154.486,-10.8237,0.0,0.93,-0.002,5,1
15.9456,43.1049,150.0485,151.787,-10.8241,0.0,0.877,0.204,5,1
15.9695,42.0965,150.0434,152.246,-10.8245,0.0,0.942,-0.396,5,1
15.9934,41.1145,149.9044,150.13,-10.8249,0.0,0.894,0.041,5,1
16.0176,40.0128,150.1628,149.649,-10.8254,0.0,0.883,0.001,5,1
16.0419,38.9527,150.0151,149.033,-10.8258,0.0,0.909,-0.433,5,1
16.0663,38.0465,149.9141,148.831,-10.8263,0.0,0.902,0.533,5,1
16.0909,36.9557,150.0078,144.755,-10.8267,0.0,0.893,0.3,5,1
16.1157,35.8663,149.982,145.735,-10.8272,0.0,0.907,-0.08,5,1
16.1407,34.978,149.8066,144.812,-10.8277,0.0,0.916,0.126,5,1
16.1658,33.9451,150.0083,144.567,-10.8282,0.0,0.897,-0.005,5,1
16.191,33.242,149.9516,141.77,-10.8287,0.0,0.912,-0.004,5,1
16.2165,31.998,149.8973,139.402,-10.8293,0.0,0.865,0.359,5,1
16.2421,31.0524,149.8913,140.255,-10.8298,0.0,0.907,0.491,5,1
16.268,29.9594,149.9466,138.078,-10.8304,0.0,0.886,0.165,5,1
16.294,29.0611,149.8948,135.269,-10.831,0.0,0.889,0.028,5,1
16.3202,27.9265,150.0456,135.657,-10.8316,0.0,0.937,0.13,5,1
16.3466,27.0847,149.8506,134.687,-10.8322,0.0,0.894,-0.047,5,1
16.3732,26.1363,150.0259,135.057,-10.8328,0.0,0.9,0.279,5,1
16.4,25.0526,150.009,132.506,-10.8335,0.0,0.924,-0.334,5,1
16.427,23.9876,149.9747,133.002,-10.8342,0.0,0.926,0.153,5,1
16.4542,23.0832,150.0702,133.392,-10.8349,0.0,0.923,-0.378,5,1
16.4816,21.9405,149.9688,129.702,-10.8356,0.0,0.89,0.049,4,1
16.5093,21.0877,149.9145,130.085,-10.8363,0.0,0.903,0.069,5,1
16.5372,20.05,150.0459,129.909,-10.8371,0.0,0.881,-0.092,4,1
16.5654,18.8431,149.9124,128.332,-10.8379,0.0,0.893,0.638,4,1
16.5938,18.0047,150.0237,127.547,-10.8387,0.0,0.908,-0.203,4,1
16.6224,17.0633,150.0453,124.333,-10.8396,0.0,0.921,0.153,4,1
16.6513,16.0305,149.9389,123.463,-10.8405,0.0,0.879,0.41,4,1
16.6804,14.9103,149.9033,122.957,-10.8414,0.0,0.892,-0.007,4,1
16.7099,13.9976,149.8674,122.195,-10.8424,0.0,0.942,0.471,4,1
16.7396,12.9692,150.0203,119.615,-10.8434,0.0,0.912,0.45,4,1
16.7696,11.9663,150.0149,117.774,-10.8444,0.0,0.893,0.051,4,1
16.7999,11.0422,149.9702,117.532,-10.8455,0.0,0.902,-0.015,4,1
16.8305,10.1496,149.9517,116.409,-10.8466,0.0,0.893,0.121,4,1
16.8614,9.0198,150.0308,116.202,-10.8478,0.0,0.909,0.405,4,1
16.8926,8.0099,149.9333,114.417,-10.849,0.0,0.921,0.691,4,1
16.9242,6.8663,149.8651,113.656,-10.8503,0.0,0.896,-0.168,4,1
16.9561,5.9703,149.9814,111.539,-10.8516,0.0,0.929,-0.024,4,1
16.9884,5.0535,149.9335,110.454,-10.853,0.0,0.901,0.017,4,1
17.021,3.9241,149.9691,109.573,-10.8545,0.0,0.912,0.15,4,1
17.054,2.9274,149.9001,108.321,-10.856,0.0,0.892,-0.119,4,1
17.0874,2.1494,150.0367,107.086,-10.8576,0.0,0.88,-0.321,4,1
17.1213,1.1554,149.9352,105.895,-10.8593,0.0,0.896,-0.249,4,1
17.1555,-0.0321,150.0047,104.581,-10.8969,0.0,0.914,-0.281,4,1
17.2077,-1.4552,149.95,102.794,0.0,0.024,0.027,1.52,4,1
17.2605,-2.9437,149.8372,101.458,0.0,0.0,0.002,1.149,4,1
17.3132,-4.5986,149.8337,100.693,0.0,0.0,0.0,0.853,4,1
17.366,-6.1115,149.7243,102.637,0.0,0.015,0.024,1.056,4,1
17.4187,-7.4536,149.6119,103.514,0.0,0.019,0.0,1.512,4,1
17.4715,-8.9701,149.4103,102.261,0.0,0.0,0.0,1.151,4,1
17.5243,-10.5286,149.3603,101.93,0.0,0.0,0.002,1.031,4,1
17.577,-11.905,149.0015,102.691,0.0,0.009,0.0,0.505,4,1
17.6298,-13.5099,148.742,102.916,0.0,0.0,0.0,1.678,4,1
17.6825,-14.8704,148.3977,101.753,0.0,0.001,0.022,1.143,4,1
17.7353,-16.3195,148.2308,102.127,0.0,0.0,0.0,1.567,4,1
17.788,-17.9443,147.7908,102.848,0.0,0.0,0.011,1.346,4,1
17.8408,-19.1702,147.4773,101.229,0.0,0.0,0.0,1.424,4,1
17.8935,-20.7566,147.0806,102.734,0.0,0.005,0.004,1.47,4,1
17.9463,-22.1351,146.798,104.416,0.0,0.0,0.0,1.341,4,1
17.999,-23.6268,146.1902,102.629,0.0,0.0,0.0,1.45,4,1
18.0518,-24.9931,145.7036,103.757,0.0,0.0,0.0,1.563,4,1
18.1045,-26.324,145.2513,101.704,0.0,0.021,0.0,1.3,4,1
18.1573,-27.881,144.7914,102.383,0.0,0.002,0.0,1.435,4,1
18.21,-29.2814,144.0601,101.051,0.0,0.006,0.0,1.488,4,1
18.2628,-30.6213,143.5858,102.784,0.0,0.0,0.006,1.627,4,1
18.3155,-32.0167,142.7228,103.517,0.0,0.006,0.0,1.348,4,1
18.3683,-33.339,142.133,101.379,0.0,0.005,0.0,1.348,4,1
18.421,-34.6182,141.4333,103.055,0.0,0.025,0.0,0.785,4,1
18.4738,-35.9809,140.8433,103.971,0.0,0.0,0.001,1.168,4,1
18.5265,-37.1795,140.1319,102.478,0.0,0.0,0.0,0.567,4,1
18.5793,-38.5354,139.3098,100.674,0.0,0.016,0.006,1.44,4,1
18.6321,-39.7646,138.4349,102.965,0.0,0.001,0.0,1.08,4,1
18.6848,-41.0633,137.5191,102.114,0.0,0.0,0.0,1.231,4,1
18.7376,-42.4069,136.9317,103.575,0.0,0.013,0.008,1.967,4,1
18.7903,-43.5961,136.0047,100.235,0.0,0.022,0.017,1.448,4,1
18.8431,-44.8676,135.1446,102.563,0.0,0.0,0.006,1.259,4,1
18.8958,-45.993,134.3213,101.894,0.0,0.0,0.0,1.51,4,1
18.9486,-47.0816,133.2591,102.407,0.0,0.0,0.014,1.085,4,1
19.0013,-48.3013,132.3378,101.85,0.0,0.001,0.007,1.1,4,1
19.0541,-49.4657,131.3851,101.827,0.0,0.027,0.015,1.338,4,1
19.1068,-50.5511,130.4672,101.612,0.0,0.0,0.0,1.307,4,1
19.1596,-51.7267,129.2119,103.192,0.0,0.0,0.0,1.308,4,1
19.2123,-52.8842,128.318,102.423,0.0,0.021,0.015,1.553,4,1
19.2651,-53.8233,127.1929,103.111,0.0,0.0,0.012,1.308,4,1
19.3178,-55.0996,126.1154,103.323,0.0,0.0,0.0,1.385,4,1
19.3706,-55.9577,124.994,101.029,0.0,0.0,0.0,-0.06,4,1
19.4233,-56.8247,123.7526,102.305,0.0,0.021,0.001,1.012,4,1
19.4761,-57.8115,122.8138,101.664,0.0,0.0,0.019,0.876,4,1
19.5288,-58.6201,121.4528,103.311,0.0,0.0,0.032,1.333,4,1
19.5816,-59.7022,120.4076,103.743,0.0,0.0,0.001,0.943,4,1
19.6344,-60.5124,119.2326,101.577,0.0,0.019,0.012,1.368,4,1
19.6871,-61.4416,118.0476,103.018,0.0,0.004,0.0,1.085,4,1
19.7399,-62.2681,116.6723,103.413,0.0,0.001,0.0,1.301,4,1
19.7926,-63.169,115.2748,101.854,0.0,0.028,0.0,0.748,4,1
19.8454,-64.0578,114.198,102.022,0.0,0.001,0.0,0.831,4,1
19.8981,-64.8269,112.9785,102.585,0.0,0.0,0.06,1.26,4,1
19.9509,-65.3385,111.7989,102.188,0.0,0.0,0.051,1.684,4,1
20.0036,-66.2868,110.3936,103.191,0.0,0.002,0.007,0.943,4,1
20.0564,-66.7694,109.0114,103.649,0.0,0.0,0.004,1.013,4,1
20.1091,-67.44,107.5966,103.446,0.0,0.0,0.024,2.004,4,1
20.1619,-68.1241,106.316,101.659,0.0,0.0,0.0,1.495,4,1
20.2146,-68.6511,104.9002,102.719,0.0,0.0,0.023,1.193,4,1
20.2674,-69.4641,103.6078,102.562,0.0,0.017,0.0,1.305,4,1
20.3201,-69.9261,102.0632,102.961,0.0,0.017,0.0,1.051,4,1
20.3729,-70.4655,100.6399,103.985,0.0,0.005,0.025,0.846,4,1
20.4256,-70.8982,99.3364,102.902,0.0,0.023,0.008,1.017,4,1
20.4784,-71.3621,97.9367,101.837,0.0,0.0,0.028,1.64,4,1
20.5311,-71.9786,96.5738,102.861,0.0,0.046,0.0,1.677,4,1
20.5839,-72.3459,95.1154,101.753,0.0,0.001,0.0,1.693,4,1
20.6366,-72.5914,93.5092,101.869,0.0,0.0,0.0,0.953,4,1
20.6894,-72.9672,92.081,102.718,0.0,0.0,0.0,1.074,4,1
20.7422,-73.2955,90.473,102.906,0.0,0.0,0.006,1.47,4,1
20.7949,-73.6284,89.0491,103.07,0.0,0.0,0.013,1.004,4,1
20.8477,-73.9313,87.7873,102.682,0.0,0.014,0.0,1.282,4,1
20.9004,-74.2228,86.1233,100.875,0.0,0.042,0.0,0.994,4,1
20.9532,-74.4403,84.6663,102.259,0.0,0.022,0.0,1.328,4,1
21.0059,-74.8632,83.312,102.824,0.0,0.0,0.0,1.076,4,1
21.0587,-74.608,81.7754,103.024,0.0,0.0,0.001,0.879,4,1
21.1114,-74.8149,80.2761,102.847,0.0,0.0,0.0,1.02,4,1
21.1642,-74.8715,78.7364,102.008,0.0,0.022,0.0,1.052,4,1
21.2169,-74.875,77.2053,102.493,0.0,0.019,0.0,1.293,4,1
21.2697,-75.0029,75.7048,101.654,0.0,0.0,0.0,1.384,4,1
21.3224,-74.9347,74.299,101.869,0.0,0.008,0.022,0.967,4,1
21.3752,-74.9554,72.7471,101.506,0.0,0.0,0.013,1.441,4,1
21.4279,-74.9776,71.2016,101.923,0.0,0.004,0.0,0.885,4,1
21.4807,-74.8097,69.9618,103.215,0.0,0.001,0.0,1.381,4,1
21.5334,-74.6371,68.1944,103.502,0.0,0.011,0.0,1.107,4,1
21.5862,-74.4921,66.8794,101.62,0.0,0.0,0.019,1.189,4,1
21.6389,-74.2866,65.3258,103.39,0.0,0.0,0.016,0.92,4,1
21.6917,-74.2437,63.8383,101.372,0.0,0.0,0.001,0.894,4,1
21.7444,-73.9708,62.3048,102.903,0.0,0.042,0.0,1.044,4,1
21.7972,-73.6649,60.792,102.957,0.0,0.011,0.037,1.337,4,1
21.85,-73.3456,59.402,103.016,0.0,0.0,0.0,1.173,4,1
21.9027,-73.037,57.7883,101.642,0.0,0.012,0.0,0.883,4,1
21.9555,-72.6757,56.3969,102.084,0.0,0.0,0.0,1.226,4,1
22.0082,-72.3336,55.0565,101.644,0.0,0.003,0.051,0.923,4,1
22.061,-71.9379,53.4251,101.21,0.0,0.026,0.0,1.425,4,1
22.1137,-71.3646,52.1961,103.665,0.0,0.011,0.0,1.118,4,1
22.1665,-70.973,50.6558,101.904,0.0,0.007,0.008,0.582,4,1
22.2192,-70.3247,49.3167,102.503,0.0,0.003,0.011,1.059,4,1
22.272,-70.0409,47.979,103.621,0.0,0.0,0.017,0.994,4,1
22.3247,-69.3767,46.5297,101.692,0.0,0.0,0.0,1.311,4,1
22.3775,-68.7426,45.0825,102.401,0.0,0.0,0.014,1.559,4,1
22.4302,-68.2064,43.7577,103.569,0.0,0.0,0.0,1.599,4,1
22.483,-67.5632,42.4744,102.57,0.0,0.0,0.029,0.88,4,1
22.5357,-66.9467,41.065,103.152,0.0,0.019,0.0,1.006,4,1
22.5885,-66.1018,39.7845,101.764,0.0,0.0,0.021,0.562,4,1
22.6412,-65.3299,38.2778,100.248,0.0,0.005,0.0,1.389,4,1
22.694,-64.6772,37.0336,102.146,0.0,0.0,0.029,1.289,4,1
22.7467,-63.8978,35.7224,101.591,0.0,0.0,0.0,1.41,4,1
22.7995,-63.1699,34.6057,102.439,0.0,0.009,0.0,1.556,4,1
22.8523,-62.1404,33.2317,102.367,0.0,0.0,0.015,1.562,4,1
22.905,-61.356,31.9588,102.421,0.0,0.0,0.0,1.644,4,1
22.9578,-60.5926,30.7658,102.817,0.0,0.028,0.0,1.029,4,1
23.0105,-59.8844,29.5395,102.603,0.0,0.007,0.0,1.588,4,1
23.0633,-58.6972,28.4908,101.877,0.0,0.0,0.0,1.685,4,1
23.116,-57.7545,27.1274,102.344,0.0,0.0,0.0,1.739,4,1
23.1688,-56.7874,26.1922,101.928,0.0,0.0,0.02,1.137,4,1
23.2215,-56.0112,25.0708,101.66,0.0,0.008,0.0,1.301,4,1
23.2743,-54.8913,23.9716,103.157,0.0,0.016,0.0,1.132,4,1
23.327,-53.9219,22.8141,103.535,0.0,0.0,0.009,0.932,4,1
23.3798,-52.7694,21.7337,101.772,0.0,0.014,0.0,1.259,4,1
23.4325,-51.7316,20.6102,103.13,0.0,0.0,0.027,1.477,4,1
23.4853,-50.6873,19.4991,103.226,0.0,0.0,0.005,0.848,4,1
23.538,-49.4478,18.628,101.48,0.0,0.006,0.0,0.74,4,1
23.5908,-48.3614,17.5836,102.766,0.0,0.0,0.0,1.202,4,1
23.6435,-47.2362,16.704,101.985,0.0,0.0,0.0,1.288,4,1
23.6963,-45.9052,15.806,101.37,0.0,0.01,0.01,0.954,4,1
23.749,-44.7158,14.8322,102.64,0.0,0.0,0.0,1.135,4,1
23.8018,-43.6309,13.9604,100.633,0.0,0.004,0.0,1.22,4,1
23.8545,-42.4422,13.0361,103.931,0.0,0.001,0.0,1.36,4,1
23.9073,-41.0717,12.2686,101.728,0.0,0.069,0.002,1.346,4,1
23.9601,-39.9022,11.3763,104.025,0.0,0.015,0.022,1.353,4,1
24.0128,-38.6452,10.6307,102.521,0.0,0.0,0.0,0.857,4,1
24.0656,-37.202,10.0216,103.263,0.0,0.0,0.018,0.773,4,1
24.1183,-35.9976,9.0873,101.721,0.0,0.025,0.0,1.117,4,1
24.1711,-34.5464,8.1288,102.563,0.0,0.022,0.0,1.042,4,1
24.2238,-33.4182,7.8584,102.335,0.0,0.041,0.0,1.2,4,1
24.2766,-32.06,7.2037,102.355,0.0,0.0,0.0,1.316,4,1
24.3293,-30.6407,6.4849,103.489,0.0,0.05,0.001,1.015,4,1
24.3821,-29.3497,5.9883,101.661,0.0,0.019,0.0,1.458,4,1
24.4348,-27.8143,5.443,102.134,0.0,0.009,0.022,1.145,4,1
24.4876,-26.5312,4.6728,102.061,0.0,0.0,0.0,1.311,4,1
24.5403,-25.0518,4.3733,101.478,0.0,0.0,0.029,1.596,4,1
24.5931,-23.5644,3.6829,102.07,0.0,0.013,0.017,1.111,4,1
24.6458,-22.2665,3.4288,103.14,0.0,0.009,0.0,1.35,4,1
24.6986,-20.7578,3.0585,100.983,0.0,0.027,0.01,1.675,4,1
24.7513,-19.1851,2.337,100.435,0.0,0.0,0.002,1.081,4,1
24.8041,-17.939,2.0105,103.048,0.0,0.017,0.0,1.209,4,1
24.8568,-16.3991,1.8553,102.38,0.0,0.0,0.0,1.09,4,1
24.9096,-14.8801,1.4602,101.398,0.0,0.0,0.0,0.772,4,1
24.9623,-13.4385,1.2637,102.675,0.0,0.0,0.0,1.496,4,1
25.0151,-11.9215,0.9641,101.99,0.0,0.0,0.013,1.588,4,1
25.0679,-10.3748,0.6576,103.473,0.0,0.031,0.0,1.438,4,1
25.1206,-9.0458,0.3988,103.326,0.0,0.028,0.0,0.724,4,1
25.1734,-7.4006,0.3631,102.868,0.0,0.0,0.0,1.614,4,1
25.2261,-5.9847,0.1791,103.116,0.0,0.0,0.039,1.28,4,1
25.2789,-4.5131,0.2076,102.54,0.0,0.023,0.014,1.214,4,1
25.3316,-3.0563,0.1182,101.056,0.0,0.016,0.004,1.004,4,1
25.3844,-1.578,0.0659,103.304,0.0,0.006,0.018,1.21,4,1
25.4371,-0.0398,0.0715,102.472,0.0,0.0,0.0,1.44,4,1
25.9371,-0.1426,0.0563,214.89,0.0,0.0,0.0,0.355,6,2
25.9538,1.0335,-0.0463,215.927,0.0,0.02,0.0,-0.046,6,2
25.9705,1.8681,0.0244,216.317,0.0,0.0,0.027,0.083,6,2
25.9871,2.8782,0.0975,215.069,0.0,0.0,0.025,0.285,6,2
26.0038,4.05,-0.1067,215.481,0.0,0.0,0.0,-0.08,6,2
26.0205,5.0278,0.042,213.909,0.0,0.0,0.0,-0.201,6,2
26.0371,6.0392,-0.0358,219.688,0.0,0.0,0.0,-0.029,6,2
26.0538,6.9278,0.0231,215.437,0.0,0.005,0.0,0.046,6,2
26.0705,8.0429,0.0437,217.016,0.0,0.0,0.0,-0.293,6,2
26.0871,9.0282,0.0773,217.284,0.0,0.002,0.017,0.23,6,2
26.1038,9.976,-0.1664,215.279,0.0,0.0,0.008,0.242,6,2
26.1205,10.8973,0.1195,217.119,0.0,0.003,0.0,-0.469,6,2
26.1371,11.8694,-0.0415,217.376,0.0,0.0,0.015,0.061,6,2
26.1538,12.959,-0.027,215.88,0.0,0.0,0.046,-0.175,6,2
26.1705,13.973,-0.1298,215.137,0.0,0.0,0.023,0.584,6,2
26.1871,14.9989,0.212,213.937,0.0,0.0,0.031,0.173,6,2
26.2038,15.9968,-0.1048,216.509,0.0,0.0,0.027,0.169,6,2
26.2205,16.8752,0.0817,213.808,0.0,0.004,0.0,0.005,6,2
26.2371,17.9761,-0.0743,217.065,0.0,0.017,0.0,-0.322,6,2
26.2538,19.0637,0.0644,215.5,0.0,0.0,0.001,0.185,6,2
26.2705,20.0162,0.1444,213.034,0.0,0.038,0.0,-0.201,6,2
26.2871,20.8886,0.0427,216.87,0.0,0.0,0.028,0.009,6,2
26.3038,21.9428,0.1008,213.948,0.0,0.0,0.0,-0.115,6,2
26.3205,23.0935,-0.2084,215.42,0.0,0.0,0.004,-0.119,6,2
26.3371,23.934,0.1252,213.559,0.0,0.017,0.0,0.048,6,2
26.3538,25.0461,-0.0219,215.987,0.0,0.0,0.0,-0.063,6,2
26.3705,25.9185,0.1281,212.921,0.0,0.008,0.004,0.269,6,2
26.3871,27.0437,0.0432,217.628,0.0,0.0,0.0,-0.377,6,2
26.4038,27.9422,-0.0,215.478,0.0,0.018,0.013,0.906,6,2
26.4205,28.9271,0.0109,214.518,0.0,0.025,0.0,-0.139,6,2
26.4371,30.0527,0.0402,218.545,0.0,0.017,0.014,0.082,6,2
26.4538,30.9824,0.0549,215.569,0.0,0.0,0.0,-0.028,6,2
26.4705,31.9318,0.0785,218.981,0.0,0.0,0.0,0.197,6,2
26.4871,32.8344,-0.0055,212.935,0.0,0.0,0.0,-0.146,6,2
26.5038,34.0576,0.0083,217.647,0.0,0.0,0.012,0.601,6,2
26.5205,34.9554,0.0701,218.766,0.0,0.003,0.0,0.347,6,2
26.5371,36.01,-0.0102,217.546,0.0,0.0,0.0,-0.471,6,2
26.5538,37.0411,-0.0866,216.142,0.0,0.007,0.0,-0.002,6,2
26.5705,38.0944,-0.1258,214.486,0.0,0.0,0.009,0.358,6,2
26.5871,38.9026,0.0146,215.404,0.0,0.038,0.032,-0.147,6,2
26.6038,40.0261,0.1279,216.519,0.0,0.0,0.0,0.494,6,2
26.6205,41.0333,0.098,215.73,0.0,0.0,0.038,0.32,6,2
26.6371,41.956,-0.0058,217.444,0.0,0.0,0.0,-0.254,6,2
26.6538,42.8212,0.1402,214.562,0.0,0.009,0.0,-0.224,6,2
26.6705,43.9908,0.0605,216.651,0.0,0.023,0.0,-0.137,6,2
26.6871,45.0091,-0.0487,217.371,0.0,0.0,0.002,0.396,6,2
26.7038,45.8744,0.0124,216.229,0.0,0.029,0.018,0.16,6,2
26.7205,46.9725,0.0115,215.178,0.0,0.027,0.0,0.289,6,2
26.7371,47.9339,-0.1098,215.478,0.0,0.027,0.015,-0.134,6,2
26.7538,49.014,0.0498,215.731,0.0,0.0,0.002,-0.232,6,2
26.7705,50.0246,0.0209,218.813,0.0,0.0,0.0,-0.179,6,2
26.7871,50.9944,-0.162,215.446,0.0,0.0,0.0,0.754,6,2
26.8038,52.1865,-0.0142,215.173,0.0,0.0,0.0,0.008,6,2
26.8205,52.9409,-0.0957,218.023,0.0,0.019,0.0,-0.152,6,2
26.8371,54.0336,-0.0218,215.344,0.0,0.0,0.006,-0.249,6,2
26.8538,54.9038,0.0065,216.52,0.0,0.034,0.0,-0.006,6,2
26.8705,56.1387,0.1439,215.238,0.0,0.0,0.0,-0.202,6,2
26.8871,57.0829,0.032,218.989,0.0,0.0,0.0,-0.16,6,2
26.9038,57.9437,0.1002,217.448,0.0,0.0,0.038,-0.027,6,2
26.9205,58.9522,0.063,217.815,0.0,0.0,0.023,0.17,6,2
26.9371,60.0124,-0.1243,213.226,0.0,0.0,0.0,0.329,6,2
26.9538,61.0955,-0.0343,218.9,0.0,0.0,0.018,-0.319,6,2
26.9705,62.0964,-0.0859,216.329,0.0,0.0,0.0,0.487,6,2
26.9871,62.9434,0.0748,215.741,0.0,0.0,0.029,0.481,6,2
27.0038,63.8359,0.0081,216.389,0.0,0.033,0.0,0.084,6,2
27.0205,64.9998,-0.0794,213.402,0.0,0.031,0.037,-0.017,6,2
27.0371,66.0962,-0.0204,217.485,0.0,0.003,0.023,0.0,6,2
27.0538,66.9996,0.0746,215.779,0.0,0.0,0.0,0.233,6,2
27.0705,68.0867,0.078,212.602,0.0,0.0,0.009,-0.133,6,2
27.0871,69.0456,-0.0621,215.179,0.0,0.02,0.0,-0.078,6,2
27.1038,69.8821,-0.0514,215.006,0.0,0.015,0.007,0.128,6,2
27.1205,71.0575,-0.0643,217.113,0.0,0.012,0.0,-0.096,6,2
27.1371,72.022,0.0192,217.304,-8.6966,0.0,0.744,-0.27,6,2
27.1538,73.0146,-0.0137,215.486,-10.8073,0.0,0.926,0.787,6,2
27.1705,74.0041,-0.0735,210.327,-10.8074,0.0,0.908,0.553,6,2
27.1873,74.9574,-0.054,213.702,-10.8075,0.0,0.94,0.38,6,2
27.2042,75.9462,0.049,213.569,-10.8076,0.0,0.878,-0.058,6,2
27.221,77.0614,0.0589,212.234,-10.8077,0.0,0.927,-0.322,6,2
27.238,78.0611,-0.0751,211.283,-10.8078,0.0,0.902,0.55,6,2
27.255,78.8346,-0.0341,211.918,-10.8079,0.0,0.888,-0.216,6,2
27.272,80.0315,0.004,210.511,-10.808,0.0,0.875,0.101,6,2
27.2891,80.9649,-0.105,207.977,-10.8081,0.0,0.927,0.477,6,2
27.3063,81.9384,-0.0579,208.052,-10.8082,0.0,0.911,0.129,6,2
27.3235,83.0812,0.0128,208.692,-10.8083,0.0,0.9,0.038,6,2
27.3407,84.1487,-0.0412,208.871,-10.8085,0.0,0.903,-0.012,6,2
27.3581,84.9018,-0.108,204.564,-10.8086,0.0,0.911,-0.215,6,2
27.3754,85.9322,-0.0096,205.316,-10.8087,0.0,0.892,-0.313,6,2
27.3929,87.0029,0.0125,205.066,-10.8088,0.0,0.926,-0.628,6,2
27.4103,87.9748,0.1505,206.178,-10.8089,0.0,0.9,0.2,6,2
27.4279,88.9071,0.1715,206.609,-10.809,0.0,0.917,-0.327,6,2
27.4455,90.0817,0.0628,206.384,-10.8092,0.0,0.913,0.462,6,2
27.4632,91.0095,0.0691,204.272,-10.8093,0.0,0.904,-0.261,6,2
27.4809,91.9294,-0.0908,206.894,-10.8094,0.0,0.9,0.526,6,2
27.4987,92.8748,-0.0922,199.013,-10.8095,0.0,0.89,0.509,6,2
27.5165,94.1142,0.1033,200.097,-10.8097,0.0,0.889,0.004,6,2
27.5344,94.9479,0.0046,198.225,-10.8098,0.0,0.904,-0.484,6,2
27.5524,96.1155,-0.1775,200.244,-10.8099,0.0,0.89,-0.192,6,2
27.5704,97.0399,-0.0916,197.313,-10.8101,0.0,0.901,0.223,6,2
27.5885,97.9385,0.0163,198.749,-10.8102,0.0,0.886,-0.373,6,2
27.6067,98.9211,0.0557,196.697,-10.8103,0.0,0.917,-0.564,6,2
27.6249,99.9976,0.0812,193.676,-10.8105,0.0,0.884,0.091,6,2
27.6432,100.8514,-0.089,195.455,-10.8106,0.0,0.899,-0.055,6,2
27.6616,101.9872,-0.0477,194.28,-10.8108,0.0,0.871,0.124,6,2
27.68,102.9772,-0.0033,196.233,-10.8109,0.0,0.888,0.257,6,2
27.6985,104.1688,0.0886,194.866,-10.8111,0.0,0.905,-0.099,6,2
27.717,105.0455,-0.1688,193.302,-10.8112,0.0,0.904,-0.052,6,2
27.7357,106.0866,-0.0418,193.441,-10.8114,0.0,0.885,0.438,6,2
27.7544,106.9752,-0.0302,193.902,-10.8115,0.0,0.888,0.002,6,2
27.7731,107.8672,0.1611,192.379,-10.8117,0.0,0.915,0.606,6,2
27.792,108.9951,-0.0246,190.785,-10.8118,0.0,0.891,0.22,6,2
27.8109,110.1387,0.0074,187.342,-10.812,0.0,0.885,0.015,6,2
27.8299,111.0472,-0.0745,190.874,-10.8122,0.0,0.883,0.324,6,2
27.8489,112.0512,0.0342,189.306,-10.8123,0.0,0.956,0.089,6,2
27.8681,112.992,-0.0056,191.184,-10.8125,0.0,0.901,-0.3,6,2
27.8873,114.1659,-0.1222,185.077,-10.8127,0.0,0.901,-0.166,6,2
27.9066,115.0679,-0.1832,184.653,-10.8128,0.0,0.918,0.499,6,2
27.926,115.9561,0.0647,184.087,-10.813,0.0,0.875,0.101,6,2
27.9454,116.9437,-0.0376,184.159,-10.8132,0.0,0.898,-0.191,6,2
27.9649,117.9764,0.0088,183.358,-10.8134,0.0,0.893,-0.307,6,2
27.9845,118.9308,-0.0575,182.756,-10.8136,0.0,0.932,-0.029,6,2
28.0042,120.0836,-0.0432,180.314,-10.8138,0.0,0.891,-0.312,6,2
28.024,121.1548,0.0395,181.655,-10.814,0.0,0.933,0.268,6,2
28.0439,122.0146,-0.0132,179.946,-10.8142,0.0,0.903,0.139,5,2
28.0638,123.0497,-0.0469,177.75,-10.8144,0.0,0.899,0.24,5,2
28.0838,124.0372,-0.0036,180.193,-10.8146,0.0,0.927,-0.183,6,2
28.104,124.9898,-0.0732,178.188,-10.8148,0.0,0.903,-0.142,5,2
28.1242,125.8255,0.0661,179.373,-10.815,0.0,0.902,0.216,5,2
28.1445,126.8078,-0.0141,175.984,-10.8152,0.0,0.912,0.226,5,2
28.1648,127.9332,-0.0992,174.574,-10.8154,0.0,0.928,-0.247,5,2
28.1853,129.0255,0.2028,175.948,-10.8156,0.0,0.886,0.541,5,2
28.2059,130.1476,0.007,172.964,-10.8159,0.0,0.902,-0.167,5,2
28.2266,131.0557,-0.0911,174.488,-10.8161,0.0,0.946,-0.839,5,2
28.2473,131.9411,-0.0374,171.673,-10.8163,0.0,0.924,0.531,5,2
28.2682,132.9498,-0.0271,171.008,-10.8166,0.0,0.934,-0.109,5,2
28.2891,133.886,-0.089,172.303,-10.8168,0.0,0.894,0.232,5,2
28.3102,135.0341,-0.1333,170.226,-10.8171,0.0,0.891,-0.541,5,2
28.3313,135.9727,-0.0578,170.175,-10.8173,0.0,0.925,0.331,5,2
28.3526,136.9839,-0.0146,170.459,-10.8176,0.0,0.94,-0.024,5,2
28.374,138.0186,0.0402,169.501,-10.8178,0.0,0.883,0.057,5,2
28.3954,138.9581,-0.063,168.867,-10.8181,0.0,0.914,0.373,5,2
28.417,139.9064,-0.0515,166.214,-10.8184,0.0,0.922,-0.334,5,2
28.4387,140.9819,0.0207,167.477,-10.8187,0.0,0.945,-0.445,5,2
28.4605,142.0172,0.1,163.575,-10.819,0.0,0.873,0.04,5,2
28.4824,143.0511,0.0309,162.28,-10.8192,0.0,0.902,0.212,5,2
28.5044,143.9916,0.0721,164.21,-10.8195,0.0,0.872,-0.231,5,2
28.5266,145.0862,-0.1239,161.347,-10.8199,0.0,0.928,-0.092,5,2
28.5489,145.9782,-0.0473,160.76,-10.8202,0.0,0.901,-0.085,5,2
28.5712,146.9353,0.1324,157.601,-10.8205,0.0,0.915,0.574,5,2
28.5937,148.025,0.0828,158.141,-10.8208,0.0,0.879,-0.637,5,2
28.6164,149.0062,0.0513,157.839,-10.8211,0.0,0.882,-0.119,5,2
28.6391,150.1341,0.0861,156.167,-10.8215,0.0,0.933,-0.545,5,2
28.662,151.0996,0.063,156.963,-10.8218,0.0,0.887,-0.818,5,2
28.685,152.1041,0.074,155.249,-10.8222,0.0,0.903,-0.442,5,2
28.7082,152.9595,0.0858,153.974,-10.8226,0.0,0.898,0.39,5,2
28.7314,153.78,0.049,154.469,-10.8229,0.0,0.897,-0.052,5,2
28.7549,155.0742,-0.0571,153.641,-10.8233,0.0,0.878,-0.522,5,2
28.7784,156.007,0.0736,152.235,-10.8237,0.0,0.887,0.25,5,2
28.8021,157.1232,-0.0879,151.928,-10.8241,0.0,0.876,0.605,5,2
28.826,157.8851,0.0179,152.963,-10.8245,0.0,0.912,-0.116,5,2
28.8499,159.0548,-0.0876,151.56,-10.8249,0.0,0.919,-0.183,5,2
28.8741,160.0668,-0.0387,148.958,-10.8254,0.0,0.892,0.279,5,2
28.8984,160.9582,0.0065,147.06,-10.8258,0.0,0.863,0.112,5,2
28.9228,162.1042,0.1085,146.351,-10.8263,0.0,0.905,0.147,5,2
28.9474,163.0183,-0.0059,144.799,-10.8267,0.0,0.881,-0.064,5,2
28.9722,163.7952,-0.1049,146.53,-10.8272,0.0,0.91,0.092,5,2
28.9972,164.9498,-0.0653,144.598,-10.8277,0.0,0.858,0.259,5,2
29.0223,166.0188,-0.05,142.54,-10.8282,0.0,0.909,-0.6,5,2
29.0475,167.084,-0.1625,141.815,-10.8287,0.0,0.896,0.075,5,2
29.073,167.8578,0.019,138.238,-10.8293,0.0,0.895,0.711,5,2
29.0986,168.9385,0.0403,142.021,-10.8298,0.0,0.917,0.374,5,2
29.1245,169.9997,-0.0558,137.321,-10.8304,0.0,0.925,-0.078,5,2
29.1505,170.9745,-0.1331,135.792,-10.831,0.0,0.881,0.129,5,2
29.1767,171.9572,0.0216,136.51,-10.8316,0.0,0.916,0.061,5,2
29.2031,172.9509,0.0618,135.32,-10.8322,0.0,0.88,0.006,5,2
29.2297,174.0178,0.1026,135.884,-10.8328,0.0,0.885,0.168,5,2
29.2565,174.9635,0.1456,133.335,-10.8335,0.0,0.895,0.348,5,2
29.2835,175.9371,-0.0546,134.173,-10.8342,0.0,0.929,0.121,5,2
29.3107,177.0174,-0.1526,130.015,-10.8349,0.0,0.933,-0.206,5,2
29.3381,177.928,-0.0115,130.151,-10.8356,0.0,0.901,-0.085,5,2
29.3658,179.0113,0.0604,129.708,-10.8363,0.0,0.923,0.198,4,2
29.3937,180.0375,0.0861,128.891,-10.8371,0.0,0.923,0.06,4,2
29.4219,180.9231,0.0321,126.437,-10.8379,0.0,0.923,-0.061,4,2
29.4503,181.8998,0.0446,126.419,-10.8387,0.0,0.917,0.112,4,2
29.4789,182.9941,-0.0183,126.267,-10.8396,0.0,0.903,0.627,4,2
29.5078,183.9643,-0.0827,124.109,-10.8405,0.0,0.898,-0.304,4,2
29.5369,185.0779,-0.0057,121.903,-10.8414,0.0,0.881,0.045,4,2
29.5664,186.0008,-0.0645,121.885,-10.8424,0.0,0.917,0.232,4,2
29.5961,186.8549,-0.0367,123.024,-10.8434,0.0,0.89,-0.451,4,2
29.6261,188.1405,-0.0277,118.04,-10.8444,0.0,0.895,-0.6,4,2
29.6564,188.9187,-0.126,117.449,-10.8455,0.0,0.903,-0.013,4,2
29.687,190.0478,0.1158,118.106,-10.8466,0.0,0.878,-0.28,4,2
29.7179,191.1028,-0.0031,114.759,-10.8478,0.0,0.881,0.023,4,2
29.7491,192.075,0.1841,115.494,-10.849,0.0,0.911,-0.018,4,2
29.7807,192.8297,-0.1125,113.605,-10.8503,0.0,0.953,-0.17,4,2
29.8126,194.0069,0.1323,110.757,-10.8516,0.0,0.9,0.147,4,2
29.8449,195.0727,-0.108,109.272,-10.853,0.0,0.949,-0.087,4,2
29.8775,195.9274,0.0562,109.363,-10.8545,0.0,0.916,0.045,4,2
29.9105,196.9375,0.0424,108.021,-10.856,0.0,0.901,-0.015,4,2
29.9439,197.9269,-0.0748,107.897,-10.8576,0.0,0.919,0.165,4,2
29.9778,198.9242,-0.1142,105.485,-10.8593,0.0,0.9,-0.044,4,2
30.012,199.9477,-0.0944,104.892,-10.8969,0.0,0.906,0.156,4,2
30.0642,201.3406,0.1471,102.846,0.0,0.009,0.0,1.209,4,2
30.117,203.0665,0.0065,102.9,0.0,0.0,0.0,1.936,4,2
30.1697,204.4819,0.2909,102.077,0.0,0.0,0.0,1.377,4,2
30.2225,205.9985,0.1952,101.231,0.0,0.0,0.0,1.485,4,2
30.2752,207.5102,0.555,101.66,0.0,0.012,0.0,1.513,4,2
30.328,209.0005,0.6983,103.37,0.0,0.0,0.0,1.589,4,2
30.3808,210.2886,0.7559,102.504,0.0,0.011,0.0,1.318,4,2
30.4335,211.9851,1.0045,102.544,0.0,0.0,0.0,0.728,4,2
30.4863,213.3373,1.2389,102.87,0.0,0.02,0.01,1.104,4,2
30.539,214.9172,1.6074,103.189,0.0,0.0,0.0,1.33,4,2
30.5918,216.2615,1.8607,102.091,0.0,0.014,0.0,0.778,4,2
30.6445,217.7937,2.1916,102.538,0.0,0.02,0.0,0.723,4,2
30.6973,219.3971,2.6579,103.994,0.0,0.0,0.011,1.22,4,2
30.75,220.754,3.0056,102.186,0.0,0.0,0.01,1.388,4,2
30.8028,222.0799,3.5064,102.757,0.0,0.008,0.02,1.662,4,2
30.8555,223.6402,3.6401,102.549,0.0,0.007,0.004,1.448,4,2
30.9083,225.1197,4.2761,101.01,0.0,0.0,0.024,1.255,4,2
30.961,226.5515,4.8408,103.633,0.0,0.0,0.027,0.891,4,2
31.0138,227.7719,5.4629,101.924,0.0,0.0,0.0,1.371,4,2
31.0665,229.1135,5.9568,102.023,0.0,0.0,0.0,1.425,4,2
31.1193,230.6118,6.6406,101.671,0.0,0.009,0.011,0.887,4,2
31.172,231.9263,7.4597,102.621,0.0,0.015,0.0,1.486,4,2
31.2248,233.2648,7.7122,103.376,0.0,0.016,0.0,0.987,4,2
31.2775,234.6708,8.4667,101.88,0.0,0.0,0.0,1.002,4,2
31.3303,235.9649,9.2473,102.839,0.0,0.0,0.0,1.195,4,2
31.383,237.3075,9.9559,102.107,0.0,0.0,0.0,1.18,4,2
31.4358,238.542,10.7685,101.759,0.0,0.0,0.022,1.246,4,2
31.4886,239.7819,11.4466,103.883,0.0,0.028,0.021,1.218,4,2
31.5413,241.1297,12.2638,101.44,0.0,0.0,0.0,1.154,4,2
31.5941,242.4058,13.166,102.435,0.0,0.0,0.0,1.241,4,2
31.6468,243.7725,13.9402,101.354,0.0,0.0,0.0,1.726,4,2
31.6996,244.7335,14.7196,101.42,0.0,0.0,0.026,0.912,4,2
31.7523,246.077,15.6694,103.129,0.0,0.0,0.0,1.865,4,2
31.8051,247.1958,16.7504,103.44,0.0,0.018,0.0,1.323,4,2
31.8578,248.5248,17.5282,102.161,0.0,0.014,0.0,1.279,4,2
31.9106,249.4623,18.5809,102.31,0.0,0.0,0.008,1.278,4,2
31.9633,250.5355,19.6397,103.652,0.0,0.038,0.013,1.187,4,2
32.0161,251.7651,20.5134,101.361,0.0,0.0,0.004,0.922,4,2
32.0688,252.9613,21.6087,103.981,0.0,0.0,0.0,1.308,4,2
32.1216,254.0112,22.888,102.786,0.0,0.018,0.0,1.29,4,2
32.1743,254.7598,23.789,102.801,0.0,0.011,0.0,1.357,4,2
32.2271,255.8851,24.9011,101.197,0.0,0.0,0.019,0.866,4,2
32.2798,256.7424,26.0835,103.504,0.0,0.027,0.0,1.245,4,2
32.3326,257.9204,27.2377,102.959,0.0,0.003,0.002,1.98,4,2
32.3853,258.8282,28.4344,102.867,0.0,0.022,0.0,1.492,4,2
32.4381,259.8603,29.5691,102.823,0.0,0.001,0.007,0.903,4,2
32.4908,260.5757,30.7529,101.598,0.0,0.0,0.03,0.871,4,2
32.5436,261.4872,32.0279,103.109,0.0,0.017,0.0,1.055,4,2
32.5964,262.3685,33.2343,102.646,0.0,0.0,0.0,1.342,4,2
32.6491,263.0668,34.671,102.109,0.0,0.0,0.0,1.184,4,2
32.7019,263.9811,35.8471,104.033,0.0,0.0,0.0,1.136,4,2
32.7546,264.8055,37.1385,102.728,0.0,0.0,0.0,1.455,4,2
32.8074,265.3485,38.4684,103.072,0.0,0.01,0.017,0.951,4,2
32.8601,266.1766,39.6722,100.929,0.0,0.0,0.0,0.923,4,2
32.9129,266.7513,41.0228,102.463,0.0,0.0,0.0,1.204,4,2
32.9656,267.4501,42.2992,103.298,0.0,0.003,0.002,1.311,4,2
33.0184,268.1806,43.7711,101.312,0.0,0.017,0.017,1.057,4,2
33.0711,268.89,45.1245,102.19,0.0,0.0,0.0,1.664,4,2
33.1239,269.3152,46.5206,102.79,0.0,0.008,0.0,0.849,4,2
33.1766,270.0288,47.7939,101.783,0.0,0.0,0.0,0.786,4,2
33.2294,270.5058,49.2645,103.633,0.0,0.0,0.0,1.255,4,2
33.2821,270.8943,50.6562,103.326,0.0,0.014,0.019,1.052,4,2
33.3349,271.4109,52.2051,103.347,0.0,0.0,0.0,1.177,4,2
33.3876,272.0049,53.4606,101.759,0.0,0.036,0.027,1.073,4,2
33.4404,272.2559,54.9025,101.949,0.0,0.017,0.0,0.864,4,2
33.4931,272.5964,56.5694,103.456,0.0,0.0,0.021,1.034,4,2
33.5459,272.9701,57.8632,103.521,0.0,0.0,0.0,1.441,4,2
33.5987,273.2893,59.3095,103.393,0.0,0.0,0.021,1.423,4,2
33.6514,273.5923,60.7465,102.223,0.0,0.011,0.026,1.241,4,2
33.7042,273.8515,62.4376,103.967,0.0,0.009,0.0,1.092,4,2
33.7569,274.1893,63.8423,103.203,0.0,0.0,0.0,0.886,4,2
33.8097,274.4231,65.3683,102.223,0.0,0.022,0.014,1.52,4,2
33.8624,274.5018,66.7322,101.879,0.0,0.02,0.0,0.989,4,2
33.9152,274.8115,68.0969,101.203,0.0,0.012,0.01,1.67,4,2
33.9679,274.6721,69.8289,102.933,0.0,0.0,0.0,1.71,4,2
34.0207,274.7931,71.2874,102.228,0.0,0.034,0.049,0.994,4,2
34.0734,274.898,72.654,103.347,0.0,0.002,0.0,0.894,4,2
34.1262,275.0383,74.2334,102.304,0.0,0.0,0.0,1.521,4,2
34.1789,274.9541,75.7986,101.338,0.0,0.0,0.0,1.114,4,2
34.2317,274.9517,77.2882,102.695,0.0,0.0,0.0,1.653,4,2
34.2844,274.9968,78.7365,102.888,0.0,0.008,0.0,1.28,4,2
34.3372,274.9163,80.1777,101.312,0.0,0.0,0.0,1.102,4,2
34.3899,274.7954,81.7107,102.534,0.0,0.0,0.0,1.297,4,2
34.4427,274.6651,83.3263,102.034,0.0,0.0,0.017,1.457,4,2
34.4954,274.3222,84.6989,101.872,0.0,0.0,0.0,0.779,4,2
34.5482,274.1639,86.2298,102.541,0.0,0.0,0.028,1.227,4,2
34.6009,273.8381,87.8082,102.307,0.0,0.0,0.011,1.044,4,2
34.6537,273.5467,89.2174,103.01,0.0,0.0,0.012,0.991,4,2
34.7065,273.1951,90.5953,103.869,0.0,0.0,0.0,0.739,4,2
34.7592,273.012,92.0139,102.868,0.0,0.042,0.0,1.095,4,2
34.812,272.851,93.6689,103.235,0.0,0.0,0.0,0.885,4,2
34.8647,272.3586,94.9796,104.686,0.0,0.0,0.032,1.258,4,2
34.9175,271.8008,96.4457,102.085,0.0,0.0,0.002,1.249,4,2
34.9702,271.4646,97.7928,102.007,0.0,0.007,0.0,0.935,4,2
35.023,271.0428,99.2761,103.364,0.0,0.0,0.0,0.745,4,2
35.0757,270.5294,100.7464,100.945,0.0,0.0,0.024,1.297,4,2
35.1285,269.9634,102.1812,101.555,0.0,0.0,0.0,1.241,4,2
35.1812,269.3198,103.6022,102.407,0.0,0.0,0.011,1.004,4,2
35.234,268.7455,104.9004,103.083,0.0,0.0,0.03,0.96,4,2
35.2867,268.1092,106.2004,103.129,0.0,0.069,0.002,1.89,4,2
35.3395,267.564,107.4722,101.852,0.0,0.0,0.0,1.31,4,2
35.3922,266.957,108.9332,102.198,0.0,0.009,0.0,1.311,4,2
35.445,266.2061,110.2843,102.477,0.0,0.0,0.0,0.975,4,2
35.4977,265.3333,111.6563,102.1,0.0,0.013,0.006,1.438,4,2
35.5505,264.6978,112.8344,102.044,0.0,0.007,0.015,1.671,4,2
35.6032,263.9224,114.375,103.153,0.0,0.008,0.0,1.408,4,2
35.656,263.1589,115.504,103.301,0.0,0.0,0.045,1.183,4,2
35.7087,262.219,116.6193,102.54,0.0,0.0,0.0,0.883,4,2
35.7615,261.3488,117.9442,102.103,0.0,0.0,0.0,1.072,4,2
35.8143,260.702,119.1315,101.504,0.0,0.0,0.0,1.448,4,2
35.867,259.8458,120.4108,103.291,0.0,0.0,0.022,1.866,4,2
35.9198,258.8164,121.6559,102.621,0.0,0.009,0.018,0.688,4,2
35.9725,257.7062,122.7745,102.341,0.0,0.0,0.003,0.894,4,2
36.0253,256.8347,123.8578,102.523,0.0,0.014,0.02,1.329,4,2
36.078,255.7889,125.0279,101.751,0.0,0.011,0.01,1.294,4,2
36.1308,254.6538,126.0262,101.904,0.0,0.008,0.0,0.656,4,2
36.1835,253.8043,127.2023,102.945,0.0,0.013,0.0,1.094,4,2
36.2363,252.7037,128.3114,103.241,0.0,0.008,0.0,1.056,4,2
36.289,251.7296,129.3995,102.919,0.0,0.025,0.001,0.407,4,2
36.3418,250.6001,130.4227,101.189,0.0,0.014,0.011,0.834,4,2
36.3945,249.5034,131.3187,103.798,0.0,0.0,0.034,1.187,4,2
36.4473,248.4085,132.3609,103.26,0.0,0.031,0.005,1.624,4,2
36.5,247.3226,133.2302,102.1,0.0,0.0,0.0,0.75,4,2
36.5528,246.0246,134.2253,101.845,0.0,0.0,0.02,1.162,4,2
36.6055,244.819,135.036,103.707,0.0,0.0,0.0,0.917,4,2
36.6583,243.757,136.1121,104.208,0.0,0.017,0.0,0.72,4,2
36.711,242.4208,136.8635,102.664,0.0,0.014,0.004,1.032,4,2
36.7638,240.992,137.7213,102.035,0.0,0.0,0.0,0.968,4,2
36.8166,239.7214,138.6135,102.263,0.0,0.0,0.009,0.913,4,2
36.8693,238.615,139.3838,101.528,0.0,0.0,0.037,1.593,4,2
36.9221,237.2414,140.1123,102.513,0.0,0.0,0.019,1.565,4,2
36.9748,236.0081,140.796,103.31,0.0,0.019,0.005,1.472,4,2
37.0276,234.6764,141.4877,101.875,0.0,0.0,0.018,1.082,4,2
37.0803,233.1701,142.2804,102.542,0.0,0.014,0.011,1.109,4,2
37.1331,231.9518,142.6586,102.525,0.0,0.002,0.0,1.585,4,2
37.1858,230.5119,143.5107,102.744,0.0,0.0,0.0,1.464,4,2
37.2386,229.2205,144.0858,101.343,0.0,0.0,0.005,1.142,4,2
37.2913,227.831,144.7247,102.649,0.0,0.0,0.016,1.127,4,2
37.3441,226.313,145.1807,102.742,0.0,0.004,0.006,1.409,4,2
37.3968,225.0086,145.7123,103.932,0.0,0.0,0.0,0.965,4,2
37.4496,223.8233,146.2005,101.871,0.0,0.0,0.0,1.544,4,2
37.5023,222.1433,146.5535,102.267,0.0,0.0,0.005,1.781,4,2
37.5551,220.693,147.0651,103.068,0.0,0.0,0.011,1.125,4,2
37.6078,219.2928,147.4714,102.588,0.0,0.0,0.037,0.686,4,2
37.6606,217.9427,147.7804,102.322,0.0,0.0,0.004,1.126,4,2
37.7133,216.3375,148.1066,102.837,0.0,0.007,0.004,1.017,4,2
37.7661,214.9239,148.5543,102.71,0.0,0.015,0.026,1.132,4,2
37.8188,213.5352,148.779,102.775,0.0,0.025,0.0,1.404,4,2
37.8716,212.0525,149.0243,103.126,0.0,0.0,0.0,1.513,4,2
37.9244,210.4786,149.4496,102.425,0.0,0.003,0.0,0.947,4,2
37.9771,209.0015,149.356,102.343,0.0,0.0,0.0,1.158,4,2
38.0299,207.4573,149.6259,103.165,0.0,0.0,0.029,1.084,4,2
38.0826,205.8797,149.8534,102.453,0.0,0.0,0.002,1.232,4,2
38.1354,204.5203,149.8745,102.36,0.0,0.0,0.0,1.334,4,2
38.1881,203.0169,149.9315,102.022,0.0,0.005,0.0,1.413,4,2
38.2409,201.6671,149.8509,102.245,0.0,0.0,0.0,0.393,4,2
38.2936,199.9653,149.9294,103.377,10.72,0.798,0.0,1.588,4,2
38.3285,198.9756,149.9235,103.863,10.7218,0.841,0.0,-0.012,4,2
38.363,197.9798,149.9788,104.698,10.7236,0.882,0.0,0.134,4,2
38.397,196.9957,149.9728,106.568,10.7252,0.835,0.0,0.638,4,2
38.4307,195.9264,150.0748,108.37,10.7268,0.849,0.0,-0.189,4,2
38.4639,194.8949,149.9417,108.926,10.7283,0.841,0.0,-0.109,4,2
38.4967,193.8011,149.9362,111.397,10.7297,0.871,0.0,-0.222,4,2
38.5292,192.9885,150.0004,110.134,10.731,0.872,0.0,-0.109,4,2
38.5612,192.0348,150.0104,110.578,10.7324,0.834,0.0,0.22,4,2
38.593,190.9159,150.0375,113.603,10.7336,0.851,0.0,-0.005,4,2
38.6244,189.9799,150.0516,113.731,10.7348,0.83,0.0,0.33,4,2
38.6555,188.8905,149.8934,116.113,10.7359,0.853,0.0,0.089,4,2
38.6862,187.7982,150.065,118.396,10.737,0.833,0.0,0.147,4,2
38.7166,187.0047,149.9204,117.336,10.7381,0.814,0.0,0.251,4,2
38.7468,186.0331,150.0895,119.277,10.7391,0.876,0.0,-0.324,4,2
38.7766,185.0586,150.0493,121.245,10.7401,0.835,0.0,0.383,4,2
38.8062,184.0412,149.9014,122.544,10.741,0.846,0.0,-0.288,4,2
38.8355,182.9652,149.9706,122.75,10.7419,0.852,0.0,-0.377,4,2
38.8645,181.9264,150.0421,124.955,10.7428,0.863,0.0,-0.365,4,2
38.8933,181.0285,150.0336,125.204,10.7437,0.852,0.0,0.288,4,2
38.9218,179.9899,150.0316,127.357,10.7445,0.877,0.0,-0.257,4,2
38.9501,179.0646,149.9922,126.998,10.7453,0.827,0.0,-0.413,4,2
38.9781,178.0667,150.1405,127.73,10.746,0.823,0.0,0.07,4,2
39.0059,177.1635,150.1561,129.027,10.7468,0.8,0.0,0.088,4,2
39.0334,175.8831,150.0099,130.436,10.7475,0.856,0.0,0.217,5,2
39.0608,175.0615,150.0702,131.891,10.7482,0.862,0.0,-0.055,5,2
39.0879,173.9841,149.8298,134.162,10.7488,0.881,0.0,0.272,5,2
39.1148,172.8436,149.986,136.242,10.7495,0.871,0.0,0.104,5,2
39.1415,171.9103,150.139,135.729,10.7501,0.824,0.0,0.254,5,2
39.168,171.0323,149.8473,137.024,10.7507,0.848,0.0,-0.72,5,2
39.1943,169.9613,149.9233,138.251,10.7513,0.874,0.0,-0.634,5,2
39.2204,169.0063,150.1293,137.039,10.7519,0.848,0.0,-0.06,5,2
39.2463,168.0148,150.0289,138.713,10.7525,0.84,0.0,-0.059,5,2
39.272,166.9902,150.094,141.238,10.753,0.828,0.0,0.033,5,2
39.2976,165.9625,150.0299,141.989,10.7535,0.834,0.0,0.057,5,2
39.323,165.0742,149.9926,143.589,10.754,0.839,0.0,0.413,5,2
39.3482,164.1901,150.0623,143.39,10.7545,0.835,0.0,-0.176,5,2
39.3732,162.9074,149.9567,143.132,10.755,0.819,0.0,-0.35,5,2
39.398,162.001,150.0298,144.671,10.7555,0.855,0.0,0.055,5,2
39.4227,161.0525,149.9427,145.696,10.756,0.857,0.0,0.033,5,2
39.4473,160.0032,149.8481,144.877,10.7564,0.866,0.0,0.152,5,2
39.4716,158.8195,149.9015,147.255,10.7569,0.855,0.0,-0.269,5,2
39.4958,158.0205,150.0475,150.636,10.7573,0.844,0.0,-0.139,5,2
39.5199,157.0299,150.0505,149.936,10.7577,0.846,0.0,0.73,5,2
39.5438,155.8429,149.7908,149.288,10.7581,0.852,0.0,-0.296,5,2
39.5676,154.9389,150.1346,150.456,10.7585,0.892,0.0,-0.229,5,2
39.5912,154.0098,149.981,154.007,10.7589,0.845,0.0,0.399,5,2
39.6147,153.0098,149.9781,153.977,10.7593,0.864,0.0,-0.015,5,2
39.6381,151.9737,150.0376,154.396,10.7596,0.846,0.0,0.196,5,2
39.6613,150.973,150.1348,154.478,10.76,0.819,0.0,0.058,5,2
39.6844,149.887,149.8908,156.082,10.7603,0.844,0.0,-0.278,5,2
39.7073,149.1233,149.9724,159.226,10.7607,0.842,0.0,0.121,5,2
39.7301,148.0191,150.0191,157.69,10.761,0.874,0.0,0.051,5,2
39.7528,146.9401,150.0244,159.409,10.7614,0.828,0.0,0.321,5,2
39.7754,146.089,149.9715,157.209,10.7617,0.831,0.0,0.615,5,2
39.7978,145.0397,149.9675,160.131,10.762,0.851,0.0,-0.134,5,2
39.8201,144.0926,150.0235,161.722,10.7623,0.878,0.0,0.499,5,2
39.8423,142.9837,149.9424,163.31,10.7626,0.854,0.0,-0.767,5,2
39.8644,142.1465,150.0563,164.5,10.7629,0.884,0.0,-0.086,5,2
39.8864,140.9192,149.989,163.753,10.7632,0.845,0.0,-0.246,5,2
39.9082,140.2403,149.9237,164.581,10.7635,0.824,0.0,-0.18,5,2
39.93,139.0331,149.92,165.85,10.7638,0.848,0.0,0.54,5,2
39.9516,137.9943,149.8869,166.49,10.764,0.852,0.0,-0.169,5,2
39.9731,137.0671,149.935,167.657,10.7643,0.845,0.0,-0.445,5,2
39.9946,136.0424,149.971,167.514,10.7646,0.807,0.0,-0.106,5,2
40.0159,135.0117,149.9703,170.355,10.7648,0.889,0.0,-0.024,5,2
40.0371,133.9395,150.0401,170.598,10.7651,0.836,0.0,-0.439,5,2
40.0582,133.0033,149.9291,170.418,10.7653,0.858,0.0,-0.22,5,2
40.0792,131.7765,149.9538,170.371,10.7655,0.844,0.0,-0.36,5,2
40.1001,130.8883,149.8638,172.638,10.7658,0.858,0.0,-0.027,5,2
40.1209,129.9793,149.9846,173.283,10.766,0.84,0.0,0.381,5,2
40.1416,129.1173,149.9516,173.908,10.7663,0.827,0.0,-0.326,5,2
40.1623,128.0993,149.9242,175.118,10.7665,0.822,0.0,-0.2,5,2
40.1828,126.8975,149.9857,175.998,10.7667,0.895,0.0,0.002,5,2
40.2032,125.8656,149.9474,175.32,10.7669,0.853,0.0,-0.379,5,2
40.2235,125.019,149.9649,178.809,10.7671,0.84,0.0,0.002,5,2
40.2438,123.9411,149.9767,176.899,10.7673,0.874,0.0,-0.377,5,2
40.264,123.0231,150.0261,176.601,10.7675,0.854,0.0,0.193,5,2
40.284,122.1976,149.8932,180.195,10.7677,0.842,0.0,-0.27,6,2
40.304,120.9801,149.7486,182.336,10.7679,0.829,0.0,-0.363,6,2
40.3239,119.8642,150.0628,180.812,10.7681,0.841,0.0,0.15,6,2
40.3437,119.119,149.9805,181.945,10.7683,0.848,0.0,-0.084,6,2
40.3635,118.0472,150.0317,180.96,10.7685,0.851,0.0,0.438,6,2
40.3831,117.0157,149.9878,183.448,10.7687,0.864,0.0,0.073,6,2
40.4027,115.8506,149.9812,186.477,10.7689,0.836,0.0,0.336,6,2
40.4222,114.9571,149.9562,183.701,10.7691,0.859,0.0,0.084,6,2
40.4416,114.0601,150.1303,184.242,10.7692,0.824,0.0,0.117,6,2
40.4609,112.8788,150.1402,187.856,10.7694,0.832,0.0,0.187,6,2
40.4802,112.1377,150.085,185.523,10.7696,0.852,0.0,0.3,6,2
40.4993,110.9555,149.9406,187.617,10.7698,0.87,0.0,-0.167,6,2
40.5184,109.8868,149.8307,188.36,10.7699,0.836,0.0,0.292,6,2
40.5375,109.2947,149.9411,195.506,10.7701,0.845,0.0,-0.003,6,2
40.5564,108.022,149.9621,189.643,10.7702,0.817,0.0,-0.743,6,2
40.5753,107.0138,149.9096,190.605,10.7704,0.844,0.0,-0.162,6,2
40.5941,106.0422,149.9846,190.345,10.7706,0.867,0.0,-0.201,6,2
40.6128,105.0153,150.0296,191.126,10.7707,0.834,0.0,-0.254,6,2
40.6315,104.0091,149.9882,193.766,10.7709,0.83,0.0,0.224,6,2
40.6501,103.0067,149.9259,193.577,10.771,0.862,0.0,0.255,6,2
40.6686,101.8578,149.9046,192.064,10.7712,0.805,0.0,0.013,6,2
40.6871,101.1212,149.9887,197.59,10.7713,0.854,0.0,-0.433,6,2
40.7055,99.8839,150.0008,195.694,5.3985,0.405,0.0,0.17,6,2
40.7238,99.0506,149.9739,195.871,-10.8106,0.0,0.901,0.123,6,2
40.7422,98.0467,149.8803,195.11,-10.8108,0.0,0.872,0.144,6,2
40.7606,96.9113,150.0288,192.375,-10.8109,0.0,0.935,0.167,6,2
40.7791,95.961,149.9688,194.887,-10.8111,0.0,0.931,-0.057,6,2
40.7977,95.0272,150.0573,193.121,-10.8112,0.0,0.862,-0.023,6,2
40.8163,94.0618,150.0459,192.443,-10.8114,0.0,0.882,0.579,6,2
40.835,93.0929,149.8891,191.177,-10.8115,0.0,0.919,0.006,6,2
40.8538,92.0081,149.9703,190.214,-10.8117,0.0,0.904,-0.242,6,2
40.8726,90.9957,149.9776,189.721,-10.8118,0.0,0.902,-0.55,6,2
40.8915,90.1278,150.0717,189.828,-10.812,0.0,0.911,0.29,6,2
40.9105,89.0297,150.0487,191.047,-10.8122,0.0,0.885,0.159,6,2
40.9296,88.0254,150.0651,188.827,-10.8123,0.0,0.927,0.27,6,2
40.9487,86.9829,149.9845,187.718,-10.8125,0.0,0.914,0.355,6,2
40.9679,86.1906,150.1572,188.294,-10.8127,0.0,0.891,-0.256,6,2
40.9872,84.9372,150.0201,185.481,-10.8128,0.0,0.902,0.152,6,2
41.0066,83.8606,150.13,185.494,-10.813,0.0,0.878,0.145,6,2
41.026,83.1379,150.0188,185.354,-10.8132,0.0,0.879,0.426,6,2
41.0456,81.9709,149.9679,182.181,-10.8134,0.0,0.895,-0.096,6,2
41.0652,81.078,149.9118,183.528,-10.8136,0.0,0.921,-0.018,6,2
41.0849,80.1179,149.9691,183.326,-10.8138,0.0,0.909,-0.026,6,2
41.1046,78.9891,150.1011,182.003,-10.814,0.0,0.886,0.544,6,2
41.1245,78.1516,150.012,182.38,-10.8142,0.0,0.909,0.066,6,2
41.1444,76.9776,149.8236,178.963,-10.8144,0.0,0.923,0.297,5,2
41.1645,76.0481,149.9818,178.887,-10.8146,0.0,0.906,-0.206,5,2
41.1846,74.9775,150.0558,175.903,-10.8148,0.0,0.894,0.294,5,2
41.2048,73.9451,150.1439,179.219,-10.815,0.0,0.919,0.379,5,2
41.2251,72.932,149.8866,179.187,-10.8152,0.0,0.891,0.156,5,2
41.2455,72.0611,150.0488,175.618,-10.8154,0.0,0.898,0.31,5,2
41.2659,71.0932,149.8972,173.829,-10.8156,0.0,0.886,0.188,5,2
41.2865,70.0285,149.9861,174.486,-10.8159,0.0,0.911,0.165,5,2
41.3072,68.9945,149.8539,175.785,-10.8161,0.0,0.884,-0.104,5,2
41.3279,67.9388,149.9895,173.222,-10.8163,0.0,0.884,0.505,5,2
41.3488,66.9912,149.8594,172.529,-10.8166,0.0,0.917,-0.171,5,2
41.3697,65.9956,150.0885,171.974,-10.8168,0.0,0.917,-0.282,5,2
41.3908,64.9338,149.974,170.907,-10.8171,0.0,0.881,0.113,5,2
41.412,64.0265,150.0962,169.286,-10.8173,0.0,0.85,-0.033,5,2
41.4332,62.8417,149.9629,171.697,-10.8176,0.0,0.877,0.046,5,2
41.4546,61.894,150.0355,169.775,-10.8178,0.0,0.877,-0.168,5,2
41.4761,60.9916,149.9777,167.974,-10.8181,0.0,0.908,0.221,5,2
41.4976,60.0239,150.0003,166.414,-10.8184,0.0,0.936,0.634,5,2
41.5193,58.9501,150.0125,167.303,-10.8187,0.0,0.864,0.475,5,2
41.5411,57.9865,150.0026,166.771,-10.819,0.0,0.897,-0.104,5,2
41.563,56.8821,149.9509,162.477,-10.8192,0.0,0.913,0.286,5,2
41.5851,56.0602,149.9484,162.329,-10.8195,0.0,0.925,0.19,5,2
41.6072,54.946,149.8706,164.355,-10.8199,0.0,0.922,0.135,5,2
41.6295,54.1708,149.9485,160.699,-10.8202,0.0,0.933,-0.255,5,2
41.6519,53.0204,149.9552,159.974,-10.8205,0.0,0.919,-0.188,5,2
41.6744,51.8884,149.89,160.087,-10.8208,0.0,0.925,-0.344,5,2
41.697,50.9294,150.043,160.495,-10.8211,0.0,0.885,0.097,5,2
41.7197,50.1577,149.9183,158.306,-10.8215,0.0,0.952,0.193,5,2
41.7426,49.142,149.956,155.816,-10.8218,0.0,0.891,-0.068,5,2
41.7656,48.163,149.8852,155.196,-10.8222,0.0,0.925,0.158,5,2
41.7888,47.0165,149.908,156.086,-10.8226,0.0,0.911,-0.296,5,2
41.8121,45.9399,150.0808,153.56,-10.8229,0.0,0.902,-0.176,5,2
41.8355,44.8687,150.016,155.815,-10.8233,0.0,0.903,0.042,5,2
41.859,43.8755,149.9892,151.207,-10.8237,0.0,0.884,0.108,5,2
41.8827,43.0801,149.9945,151.308,-10.8241,0.0,0.91,-0.128,5,2
41.9066,41.9463,150.0726,148.75,-10.8245,0.0,0.897,-0.308,5,2
41.9306,40.9256,149.9773,148.732,-10.8249,0.0,0.879,-0.106,5,2
41.9547,39.9898,149.8764,149.208,-10.8254,0.0,0.893,0.376,5,2
41.979,39.0448,149.761,148.689,-10.8258,0.0,0.891,0.338,5,2
42.0035,38.0456,149.8864,145.895,-10.8263,0.0,0.906,-0.155,5,2
42.0281,37.0519,150.0543,145.757,-10.8267,0.0,0.902,-0.282,5,2
42.0528,35.9841,149.9395,145.4,-10.8272,0.0,0.899,0.067,5,2
42.0778,35.159,150.0213,145.41,-10.8277,0.0,0.905,0.364,5,2
42.1029,33.9699,149.9985,143.267,-10.8282,0.0,0.894,-0.254,5,2
42.1282,32.9229,149.86,141.269,-10.8287,0.0,0.911,0.138,5,2
42.1536,32.0677,149.9256,141.75,-10.8293,0.0,0.908,0.76,5,2
42.1793,31.1051,150.1129,139.278,-10.8298,0.0,0.892,-0.16,5,2
42.2051,30.1326,150.1063,137.97,-10.8304,0.0,0.862,0.028,5,2
42.2311,29.065,150.1353,138.437,-10.831,0.0,0.921,-0.642,5,2
42.2573,27.896,149.9741,139.461,-10.8316,0.0,0.879,-0.322,5,2
42.2837,26.9497,149.9319,135.141,-10.8322,0.0,0.904,-0.185,5,2
42.3103,26.0332,149.9432,134.913,-10.8328,0.0,0.861,0.302,5,2
42.3371,24.8951,149.9054,133.706,-10.8335,0.0,0.9,-0.461,5,2
42.3641,23.9565,150.0537,132.591,-10.8342,0.0,0.92,-0.112,5,2
42.3913,22.9143,150.0636,130.459,-10.8349,0.0,0.897,0.187,5,2
42.4188,22.0723,149.9767,132.592,-10.8356,0.0,0.903,0.263,5,2
42.4464,20.9431,149.8667,129.802,-10.8363,0.0,0.896,0.37,4,2
42.4744,19.9388,150.1114,126.834,-10.8371,0.0,0.905,0.04,4,2
42.5025,18.9933,149.8755,129.337,-10.8379,0.0,0.87,0.207,4,2
42.5309,17.9317,149.9814,126.837,-10.8387,0.0,0.894,0.195,4,2
42.5595,16.9821,150.0584,125.28,-10.8396,0.0,0.907,-0.085,4,2
42.5884,15.9639,150.0201,124.619,-10.8405,0.0,0.901,-0.133,4,2
42.6176,14.9961,150.091,122.229,-10.8414,0.0,0.902,0.054,4,2
42.647,13.9668,150.0314,123.234,-10.8424,0.0,0.935,-0.37,4,2
42.6767,13.0235,150.0599,121.584,-10.8434,0.0,0.893,0.336,4,2
42.7067,11.9376,149.9812,119.712,-10.8444,0.0,0.907,0.244,4,2
42.737,10.8286,149.9278,118.379,-10.8455,0.0,0.913,0.196,4,2
42.7676,10.0627,150.08,117.496,-10.8466,0.0,0.9,0.315,4,2
42.7985,9.0509,149.9502,115.859,-10.8478,0.0,0.906,-0.241,4,2
42.8297,8.0227,149.9324,116.451,-10.849,0.0,0.931,0.331,4,2
42.8613,7.0429,149.9431,113.586,-10.8503,0.0,0.918,0.331,4,2
42.8932,5.9613,150.1317,111.87,-10.8516,0.0,0.908,-0.33,4,2
42.9255,5.0191,150.0506,110.228,-10.853,0.0,0.905,-0.298,4,2
42.9581,4.0355,149.9724,109.664,-10.8545,0.0,0.908,-0.314,4,2
42.9911,2.9609,149.9383,108.804,-10.856,0.0,0.91,-0.275,4,2
43.0245,1.9012,149.8966,106.733,-10.8576,0.0,0.883,0.106,4,2
43.0584,1.0569,150.0667,104.745,-10.8593,0.0,0.914,-0.215,4,2
43.0926,-0.1377,150.0379,104.468,-10.8969,0.0,0.911,0.246,4,2
43.1449,-1.4644,150.002,101.614,0.0,0.0,0.0,1.44,4,2
43.1976,-3.1031,149.892,102.197,0.0,0.0,0.045,0.733,4,2
43.2504,-4.589,149.9358,103.607,0.0,0.042,0.005,1.248,4,2
43.3031,-5.9146,149.7662,102.102,0.0,0.024,0.0,1.137,4,2
43.3559,-7.5972,149.6682,102.817,0.0,0.005,0.014,1.08,4,2
43.4086,-8.9945,149.4023,102.183,0.0,0.0,0.004,1.453,4,2
43.4614,-10.4998,149.2746,102.441,0.0,0.0,0.0,1.205,4,2
43.5141,-11.9177,148.9087,102.415,0.0,0.003,0.016,1.278,4,2
43.5669,-13.3269,148.8943,103.556,0.0,0.0,0.0,0.998,4,2
43.6196,-14.8285,148.7295,100.762,0.0,0.003,0.015,0.934,4,2
43.6724,-16.3208,148.2876,103.885,0.0,0.019,0.004,1.738,4,2
43.7251,-17.848,147.7988,102.073,0.0,0.0,0.0,1.583,4,2
43.7779,-19.1901,147.5305,101.69,0.0,0.001,0.003,1.494,4,2
43.8306,-20.8272,147.0367,101.633,0.0,0.0,0.0,0.945,4,2
43.8834,-22.255,146.6554,102.587,0.0,0.0,0.0,0.817,4,2
43.9361,-23.6109,146.1688,102.365,0.0,0.004,0.047,1.469,4,2
43.9889,-24.9853,145.6454,102.497,0.0,0.0,0.008,0.725,4,2
44.0417,-26.4408,145.1668,102.928,0.0,0.0,0.02,1.482,4,2
44.0944,-27.7997,144.7037,102.324,0.0,0.001,0.025,1.648,4,2
44.1472,-29.1272,144.1339,102.627,0.0,0.0,0.0,0.84,4,2
44.1999,-30.4827,143.5071,101.577,0.0,0.0,0.0,1.869,4,2
44.2527,-31.8482,142.8323,101.92,0.0,0.033,0.0,0.877,4,2
44.3054,-33.3585,142.2968,103.712,0.0,0.0,0.028,1.466,4,2
44.3582,-34.6564,141.355,103.498,0.0,0.002,0.0,1.504,4,2
44.4109,-35.8803,140.876,102.614,0.0,0.001,0.008,1.431,4,2
44.4637,-37.3062,140.2353,102.679,0.0,0.0,0.0,1.486,4,2
44.5164,-38.577,139.464,102.285,0.0,0.041,0.011,1.192,4,2
44.5692,-39.7973,138.4089,102.419,0.0,0.039,0.013,1.171,4,2
44.6219,-41.1016,137.6738,101.99,0.0,0.016,0.0,1.13,4,2
44.6747,-42.3692,136.8475,103.244,0.0,0.0,0.0,0.566,4,2
44.7274,-43.5855,136.0472,101.753,0.0,0.024,0.0,1.119,4,2
44.7802,-44.8162,135.251,102.461,0.0,0.02,0.0,1.29,4,2
44.8329,-45.9681,134.3214,103.386,0.0,0.016,0.058,1.369,4,2
44.8857,-47.2255,133.3366,101.535,0.0,0.0,0.0,1.843,4,2
44.9384,-48.3174,132.3662,102.363,0.0,0.0,0.0,1.374,4,2
44.9912,-49.479,131.4385,101.459,0.0,0.009,0.0,1.234,4,2
45.0439,-50.48,130.4054,103.085,0.0,0.0,0.015,0.958,4,2
45.0967,-51.6757,129.1674,102.538,0.0,0.059,0.0,1.167,4,2
45.1495,-52.6912,128.3108,100.251,0.0,0.016,0.016,1.143,4,2
45.2022,-53.8546,127.3263,104.121,0.0,0.0,0.007,1.052,4,2
45.255,-54.8706,126.0366,102.551,0.0,0.007,0.0,1.269,4,2
45.3077,-55.8371,125.0093,101.555,0.0,0.01,0.021,1.713,4,2
45.3605,-56.9517,123.9501,101.972,0.0,0.0,0.0,0.981,4,2
45.4132,-57.8229,122.7031,102.937,0.0,0.034,0.016,1.07,4,2
45.466,-58.8389,121.5436,102.867,0.0,0.031,0.0,1.321,4,2
45.5187,-59.7742,120.3517,102.568,0.0,0.008,0.004,1.295,4,2
45.5715,-60.6621,119.3348,101.583,0.0,0.0,0.017,1.437,4,2
45.6242,-61.4642,118.0839,103.297,0.0,0.014,0.004,1.624,4,2
45.677,-62.2573,116.7984,104.058,0.0,0.044,0.02,1.107,4,2
45.7297,-63.1199,115.4962,103.171,0.0,0.006,0.0,1.583,4,2
45.7825,-63.9764,114.3054,101.817,0.0,0.0,0.021,1.019,4,2
45.8352,-64.5522,112.9687,101.71,0.0,0.005,0.021,0.831,4,2
45.888,-65.5194,111.6435,103.551,0.0,0.011,0.025,1.513,4,2
45.9407,-66.2184,110.3126,102.226,0.0,0.0,0.005,0.597,4,2
45.9935,-66.9353,109.0634,102.725,0.0,0.01,0.038,1.034,4,2
46.0462,-67.4499,107.4918,101.6,0.0,0.035,0.0,0.839,4,2
46.099,-68.1708,106.3192,103.214,0.0,0.0,0.01,1.026,4,2
46.1517,-68.6859,104.9556,102.556,0.0,0.015,0.0,1.305,4,2
46.2045,-69.313,103.5842,102.106,0.0,0.006,0.034,1.745,4,2
46.2573,-69.9223,102.2939,102.218,0.0,0.017,0.0,1.066,4,2
46.31,-70.4709,100.6999,102.308,0.0,0.0,0.0,1.073,4,2
46.3628,-70.9167,99.2848,100.888,0.0,0.006,0.015,1.409,4,2
46.4155,-71.3328,97.8523,101.792,0.0,0.0,0.021,1.738,4,2
46.4683,-71.7022,96.5316,103.048,0.0,0.004,0.026,1.114,4,2
46.521,-72.2555,94.981,103.053,0.0,0.017,0.0,0.879,4,2
46.5738,-72.5811,93.5621,101.273,0.0,0.0,0.0,0.914,4,2
46.6265,-73.0439,92.0347,103.198,0.0,0.01,0.012,1.109,4,2
46.6793,-73.3795,90.6823,101.433,0.0,0.0,0.01,0.805,4,2
46.732,-73.6219,89.1691,102.6,0.0,0.036,0.007,1.306,4,2
46.7848,-73.8796,87.6188,102.167,0.0,0.005,0.039,1.077,4,2
46.8375,-74.1234,86.1131,102.101,0.0,0.0,0.0,1.375,4,2
46.8903,-74.4682,84.6996,103.078,0.0,0.017,0.007,1.395,4,2
46.943,-74.5517,83.2287,103.962,0.0,0.0,0.004,1.583,4,2
46.9958,-74.7976,81.7254,101.842,0.0,0.0,0.0,1.176,4,2
47.0485,-74.7917,80.3003,102.439,0.0,0.007,0.011,1.713,4,2
47.1013,-74.7782,78.8949,102.657,0.0,0.0,0.007,0.543,4,2
47.154,-75.0019,77.2691,102.512,0.0,0.0,0.0,1.025,4,2
47.2068,-75.1158,75.6446,102.702,0.0,0.014,0.012,0.558,4,2
47.2596,-75.0871,74.1127,102.103,0.0,0.0,0.007,1.417,4,2
47.3123,-74.9416,72.7539,101.234,0.0,0.003,0.011,0.829,4,2
47.3651,-74.8502,71.3486,102.174,0.0,0.0,0.032,1.204,4,2
47.4178,-74.918,69.7141,102.756,0.0,0.0,0.0,0.781,4,2
47.4706,-74.8202,68.1646,102.671,0.0,0.0,0.0,1.029,4,2
47.5233,-74.5268,67.0501,102.176,0.0,0.012,0.019,1.196,4,2
47.5761,-74.3006,65.2958,102.255,0.0,0.0,0.0,1.308,4,2
47.6288,-74.0946,63.9105,103.85,0.0,0.0,0.009,0.898,4,2
47.6816,-73.8616,62.1773,102.856,0.0,0.0,0.002,0.871,4,2
47.7343,-73.7236,61.0143,102.955,0.0,0.031,0.0,1.224,4,2
47.7871,-73.4049,59.2743,101.595,0.0,0.04,0.0,1.517,4,2
47.8398,-72.9378,57.8514,102.108,0.0,0.036,0.042,1.456,4,2
47.8926,-72.6812,56.3848,102.88,0.0,0.005,0.0,1.422,4,2
47.9453,-72.1874,55.0577,101.032,0.0,0.0,0.0,1.444,4,2
47.9981,-71.8024,53.531,103.498,0.0,0.0,0.001,0.929,4,2
48.0508,-71.4024,52.1281,101.708,0.0,0.005,0.024,1.108,4,2
48.1036,-71.072,50.6624,102.443,0.0,0.0,0.0,0.585,4,2
48.1563,-70.5488,49.2697,102.135,0.0,0.0,0.0,1.413,4,2
48.2091,-69.8987,47.8984,101.933,0.0,0.0,0.017,1.177,4,2
48.2618,-69.3144,46.4924,101.483,0.0,0.0,0.003,1.42,4,2
48.3146,-68.7699,44.9811,102.039,0.0,0.0,0.018,1.042,4,2
48.3674,-68.2088,43.7488,102.313,0.0,0.009,0.016,1.113,4,2
48.4201,-67.5373,42.4159,103.476,0.0,0.007,0.027,1.152,4,2
48.4729,-66.9082,41.1034,103.296,0.0,0.01,0.018,1.161,4,2
48.5256,-66.3361,39.6786,103.211,0.0,0.015,0.024,0.979,4,2
48.5784,-65.4674,38.4765,102.04,0.0,0.013,0.0,1.572,4,2
48.6311,-64.7768,36.8446,102.637,0.0,0.031,0.0,1.152,4,2
48.6839,-64.0562,35.9639,103.542,0.0,0.003,0.0,1.54,4,2
48.7366,-63.0159,34.4753,100.372,0.0,0.015,0.02,1.017,4,2
48.7894,-62.3258,33.3038,102.995,0.0,0.0,0.0,0.819,4,2
48.8421,-61.5273,32.0548,102.593,0.0,0.0,0.0,1.435,4,2
48.8949,-60.5215,30.9167,101.162,0.0,0.0,0.0,1.292,4,2
48.9476,-59.4935,29.5599,102.832,0.0,0.02,0.022,1.205,4,2
49.0004,-58.8079,28.3962,104.43,0.0,0.002,0.036,0.964,4,2
49.0531,-57.8279,27.1289,103.607,0.0,0.0,0.035,1.361,4,2
49.1059,-56.7213,26.0979,102.883,0.0,0.0,0.0,1.489,4,2
49.1586,-55.7715,24.9127,101.365,0.0,0.002,0.016,0.735,4,2
49.2114,-54.8301,23.8996,101.821,0.0,0.0,0.017,1.032,4,2
49.2641,-53.8337,22.7799,102.471,0.0,0.01,0.0,1.284,4,2
49.3169,-52.7861,21.7611,102.451,0.0,0.026,0.02,1.242,4,2
49.3696,-51.6814,20.5614,103.732,0.0,0.0,0.046,1.491,4,2
49.4224,-50.7221,19.6642,102.032,0.0,0.0,0.0,1.611,4,2
49.4752,-49.4394,18.6689,101.455,0.0,0.007,0.0,1.357,4,2
49.5279,-48.3622,17.5146,103.263,0.0,0.015,0.014,1.57,4,2
49.5807,-47.154,16.8633,101.662,0.0,0.018,0.022,0.962,4,2
49.6334,-46.0104,15.7142,102.172,0.0,0.0,0.011,0.989,4,2
49.6862,-44.9356,14.7771,101.084,0.0,0.0,0.02,1.341,4,2
49.7389,-43.6064,14.1061,102.279,0.0,0.007,0.008,1.131,4,2
49.7917,-42.2365,13.1829,102.59,0.0,0.0,0.0,0.994,4,2
49.8444,-41.2447,12.3527,103.29,0.0,0.02,0.0,1.391,4,2
49.8972,-39.7711,11.4678,102.975,0.0,0.0,0.013,1.237,4,2
49.9499,-38.722,10.7282,103.047,0.0,0.0,0.007,0.959,4,2
50.0027,-37.2406,10.0149,102.824,0.0,0.02,0.031,1.611,4,2
50.0554,-36.0391,9.2085,102.803,0.0,0.0,0.011,1.147,4,2
50.1082,-34.6204,8.3999,101.58,0.0,0.0,0.022,1.37,4,2
50.1609,-33.3767,7.765,102.872,0.0,0.024,0.021,1.617,4,2
50.2137,-31.9559,7.1745,103.092,0.0,0.015,0.0,0.923,4,2
50.2664,-30.6647,6.5617,104.119,0.0,0.015,0.012,0.736,4,2
50.3192,-29.145,6.1088,101.766,0.0,0.0,0.008,1.145,4,2
50.3719,-27.7843,5.3231,100.8,0.0,0.0,0.0,0.895,4,2
50.4247,-26.3515,4.8601,101.221,0.0,0.016,0.013,1.146,4,2
50.4775,-25.0184,4.3359,101.458,0.0,0.002,0.0,1.048,4,2
50.5302,-23.6607,3.6693,103.283,0.0,0.0,0.0,1.171,4,2
50.583,-22.2814,3.2027,101.404,0.0,0.013,0.015,1.636,4,2
50.6357,-20.8046,2.9883,102.24,0.0,0.017,0.0,1.035,4,2
50.6885,-19.2769,2.3841,101.696,0.0,0.018,0.022,1.043,4,2
50.7412,-17.8825,2.3326,102.48,0.0,0.0,0.0,1.101,4,2
50.794,-16.4185,1.8139,101.706,0.0,0.03,0.0,1.154,4,2
50.8467,-14.9029,1.5891,103.395,0.0,0.0,0.0,1.249,4,2
50.8995,-13.4341,1.2444,103.376,0.0,0.0,0.017,1.583,4,2
50.9522,-12.0896,0.8367,101.554,0.0,0.031,0.017,2.11,4,2
51.005,-10.5847,0.6986,102.38,0.0,0.025,0.005,1.223,4,2
51.0577,-8.9073,0.554,103.024,0.0,0.0,0.005,1.45,4,2
51.1105,-7.4563,0.4275,101.657,0.0,0.0,0.0,1.453,4,2
51.1632,-5.8985,0.1884,102.377,0.0,0.0,0.0,1.725,4,2
51.216,-4.5313,0.1065,102.381,0.0,0.0,0.006,1.422,4,2
51.2687,-2.9674,-0.0779,101.881,0.0,0.0,0.013,1.397,4,2
51.3215,-1.461,0.0166,103.002,0.0,0.039,0.023,1.494,4,2
51.3742,-0.0433,-0.0276,103.99,0.0,0.0,0.01,1.672,4,2
51.8742,0.1263,0.0118,218.176,0.0,0.001,0.024,0.293,6,3
51.8909,0.974,-0.1075,215.276,0.0,0.018,0.0,0.477,6,3
51.9076,1.9983,0.1557,215.657,0.0,0.0,0.0,0.305,6,3
51.9242,3.0205,0.0486,218.147,0.0,0.015,0.003,-0.545,6,3
51.9409,3.9395,0.0472,218.737,0.0,0.0,0.026,0.455,6,3
51.9576,5.0325,0.1486,215.72,0.0,0.0,0.014,-0.642,6,3
51.9742,5.9729,0.089,215.833,0.0,0.017,0.0,-0.156,6,3
51.9909,7.0273,0.0378,215.792,0.0,0.021,0.002,-0.173,6,3
52.0076,8.0679,-0.0381,216.265,0.0,0.021,0.0,0.123,6,3
52.0242,8.9833,0.0609,210.275,0.0,0.002,0.0,0.561,6,3
52.0409,9.9762,0.0712,212.376,0.0,0.026,0.0,-0.354,6,3
52.0576,11.0143,0.0906,217.194,0.0,0.019,0.0,0.309,6,3
52.0742,11.9555,-0.0141,213.724,0.0,0.0,0.0,0.134,6,3
52.0909,13.0295,-0.105,215.485,0.0,0.013,0.054,0.317,6,3
52.1076,13.9563,-0.0448,216.113,0.0,0.025,0.0,0.19,6,3
52.1242,14.9619,-0.1969,216.97,0.0,0.0,0.0,0.032,6,3
52.1409,15.8844,-0.0882,215.281,0.0,0.029,0.002,-0.212,6,3
52.1576,16.8861,-0.0124,214.048,0.0,0.016,0.0,-0.128,6,3
52.1742,18.1373,0.138,215.758,0.0,0.034,0.004,-0.096,6,3
52.1909,19.0462,-0.105,214.913,0.0,0.0,0.023,-0.199,6,3
52.2076,20.0715,-0.0493,218.106,0.0,0.0,0.0,-0.415,6,3
52.2242,20.9588,-0.0226,216.298,0.0,0.011,0.0,0.141,6,3
52.2409,22.0194,0.1217,214.774,0.0,0.002,0.0,0.229,6,3
52.2576,23.0404,-0.1366,215.352,0.0,0.05,0.001,0.31,6,3
52.2742,24.1295,0.0958,214.977,0.0,0.024,0.029,-0.074,6,3
52.2909,25.0512,0.0082,215.196,0.0,0.03,0.0,-0.446,6,3
52.3076,25.9509,-0.1028,214.046,0.0,0.0,0.0,0.371,6,3
52.3242,26.9445,0.0549,217.737,0.0,0.021,0.033,-0.372,6,3
52.3409,27.9442,-0.0306,216.174,0.0,0.0,0.007,0.541,6,3
52.3576,28.9955,0.0719,214.01,0.0,0.01,0.0,-0.387,6,3
52.3742,29.9799,-0.0881,218.415,0.0,0.0,0.0,0.55,6,3
52.3909,31.0151,0.0535,215.76,0.0,0.022,0.0,0.096,6,3
52.4076,32.0467,0.014,215.305,0.0,0.004,0.0,0.029,6,3
52.4242,32.9982,0.1501,216.34,0.0,0.0,0.006,-0.04,6,3
52.4409,33.9777,-0.014,216.876,0.0,0.0,0.008,-0.519,6,3
52.4576,34.9673,0.0083,213.391,0.0,0.009,0.021,0.023,6,3
52.4742,36.0188,-0.1025,217.374,0.0,0.0,0.0,0.348,6,3
52.4909,37.0108,0.092,216.777,0.0,0.011,0.005,0.344,6,3
52.5076,38.1675,-0.0369,216.098,0.0,0.0,0.007,0.248,6,3
52.5242,39.0125,0.0638,213.783,0.0,0.0,0.0,-0.63,6,3
52.5409,39.9967,-0.1188,216.001,0.0,0.02,0.003,-0.182,6,3
52.5576,40.9324,-0.0719,214.682,0.0,0.001,0.0,-0.004,6,3
52.5742,42.1136,-0.0094,214.769,0.0,0.001,0.0,0.214,6,3
52.5909,42.9291,0.0542,216.44,0.0,0.004,0.0,-0.202,6,3
52.6076,44.0188,-0.1109,219.331,0.0,0.005,0.0,0.042,6,3
52.6242,44.8503,0.1199,215.852,0.0,0.01,0.046,0.122,6,3
52.6409,46.0713,-0.0785,218.231,0.0,0.007,0.02,-0.354,6,3
52.6576,47.0482,-0.0006,212.469,0.0,0.014,0.003,0.032,6,3
52.6742,48.0031,0.0755,218.092,0.0,0.019,0.013,0.226,6,3
52.6909,49.0811,0.0142,218.532,0.0,0.02,0.0,-0.048,6,3
52.7076,50.0187,0.1259,213.171,0.0,0.005,0.034,-0.373,6,3
52.7242,51.0117,0.0308,215.094,0.0,0.0,0.032,-0.006,6,3
52.7409,51.9359,-0.0171,214.304,0.0,0.0,0.031,0.175,6,3
52.7576,53.0485,-0.0963,217.358,0.0,0.025,0.003,0.096,6,3
52.7742,53.9726,-0.1112,215.037,0.0,0.003,0.014,-0.217,6,3
52.7909,54.9954,0.0353,216.332,0.0,0.0,0.04,0.083,6,3
52.8076,55.7691,-0.0613,216.399,0.0,0.0,0.001,-0.099,6,3
52.8242,56.8491,0.0879,215.996,0.0,0.008,0.043,0.244,6,3
52.8409,58.095,-0.0686,217.562,0.0,0.0,0.0,0.292,6,3
52.8576,59.0182,0.0094,213.067,0.0,0.0,0.0,0.491,6,3
52.8742,59.9449,-0.0026,213.908,0.0,0.0,0.016,-0.201,6,3
52.8909,61.037,-0.155,215.51,0.0,0.0,0.0,0.153,6,3
52.9076,62.0659,0.0011,217.241,0.0,0.036,0.0,0.085,6,3
52.9242,62.9111,0.1103,215.573,0.0,0.005,0.01,0.149,6,3
52.9409,63.9829,-0.0722,217.029,0.0,0.002,0.0,-0.207,6,3
52.9576,64.9296,0.0365,216.125,0.0,0.013,0.022,0.039,6,3
52.9742,66.044,0.0083,217.602,0.0,0.0,0.01,-0.772,6,3
52.9909,66.8349,0.0797,216.14,0.0,0.0,0.0,0.585,6,3
53.0076,67.9497,0.0499,215.674,0.0,0.001,0.0,-0.512,6,3
53.0242,68.9426,0.0872,216.597,0.0,0.024,0.0,-0.016,6,3
53.0409,69.9748,-0.0866,216.344,0.0,0.015,0.0,0.85,6,3
53.0576,70.9766,-0.0036,213.994,0.0,0.004,0.0,-0.162,6,3
53.0742,71.8928,0.102,216.353,-8.6966,0.0,0.712,0.391,6,3
53.0909,72.926,-0.0828,212.245,-10.8073,0.0,0.947,0.453,6,3
53.1077,73.9383,-0.0402,218.038,-10.8074,0.0,0.918,0.369,6,3
53.1244,74.9499,-0.0038,213.464,-10.8075,0.0,0.899,0.454,6,3
53.1413,75.9779,-0.0166,215.0,-10.8076,0.0,0.902,0.005,6,3
53.1582,77.0556,0.074,213.569,-10.8077,0.0,0.91,0.297,6,3
53.1751,78.0706,0.0842,213.117,-10.8078,0.0,0.91,0.408,6,3
53.1921,78.9104,0.0272,210.94,-10.8079,0.0,0.871,-0.402,6,3
53.2091,80.0899,-0.0201,211.779,-10.808,0.0,0.913,-0.043,6,3
53.2262,80.9492,0.0876,211.585,-10.8081,0.0,0.915,0.096,6,3
53.2434,82.1592,0.0103,209.189,-10.8082,0.0,0.886,-0.159,6,3
53.2606,83.0546,-0.0338,209.327,-10.8083,0.0,0.919,-0.282,6,3
53.2779,83.9568,-0.021,206.917,-10.8085,0.0,0.86,-0.198,6,3
53.2952,84.9232,-0.0361,207.983,-10.8086,0.0,0.919,-0.565,6,3
53.3125,86.2137,-0.053,207.985,-10.8087,0.0,0.899,-0.125,6,3
53.33,86.8711,0.0364,205.752,-10.8088,0.0,0.899,0.054,6,3
53.3475,88.0038,0.0195,205.997,-10.8089,0.0,0.907,0.181,6,3
53.365,89.0951,0.0755,202.112,-10.809,0.0,0.871,-0.426,6,3
53.3826,90.0194,0.1027,203.984,-10.8092,0.0,0.92,0.052,6,3
53.4003,91.0139,-0.023,205.089,-10.8093,0.0,0.88,-0.009,6,3
53.418,91.9813,-0.068,201.793,-10.8094,0.0,0.907,0.088,6,3
53.4358,93.1639,0.0156,200.39,-10.8095,0.0,0.875,-0.914,6,3
53.4536,93.9912,0.0276,203.195,-10.8097,0.0,0.873,0.318,6,3
53.4715,95.055,0.0247,200.852,-10.8098,0.0,0.884,0.287,6,3
53.4895,95.9075,0.0013,199.195,-10.8099,0.0,0.888,0.538,6,3
53.5075,96.9644,0.0493,199.301,-10.8101,0.0,0.925,-0.306,6,3
53.5256,97.9862,0.0092,200.209,-10.8102,0.0,0.892,-0.672,6,3
53.5438,99.0642,0.0393,195.417,-10.8103,0.0,0.889,-0.449,6,3
53.562,100.0488,-0.0022,196.661,-10.8105,0.0,0.899,0.359,6,3
53.5803,101.0134,-0.1005,195.883,-10.8106,0.0,0.915,-0.036,6,3
53.5987,102.0192,-0.0541,195.52,-10.8108,0.0,0.897,-0.03,6,3
53.6171,103.0117,-0.0505,192.615,-10.8109,0.0,0.902,-0.233,6,3
53.6356,103.9527,-0.0163,193.052,-10.8111,0.0,0.926,0.01,6,3
53.6541,104.9932,-0.0431,198.655,-10.8112,0.0,0.916,0.22,6,3
53.6728,105.9166,0.0127,191.919,-10.8114,0.0,0.909,-0.14,6,3
53.6915,107.0851,-0.0018,193.652,-10.8115,0.0,0.886,0.216,6,3
53.7103,107.9067,0.0733,191.559,-10.8117,0.0,0.875,-0.162,6,3
53.7291,109.0034,-0.0387,188.795,-10.8118,0.0,0.868,0.324,6,3
53.748,110.0019,0.0221,189.683,-10.812,0.0,0.908,-0.076,6,3
53.767,110.9813,0.0047,190.863,-10.8122,0.0,0.948,-0.143,6,3
53.7861,112.0086,-0.0055,190.521,-10.8123,0.0,0.903,0.101,6,3
53.8052,113.0736,-0.0647,187.82,-10.8125,0.0,0.923,-0.195,6,3
53.8244,113.8745,-0.0991,186.938,-10.8127,0.0,0.868,-0.535,6,3
53.8437,115.0463,-0.1175,186.424,-10.8128,0.0,0.917,-0.919,6,3
53.8631,116.0154,0.0252,187.012,-10.813,0.0,0.893,0.304,6,3
53.8825,117.0235,-0.009,180.895,-10.8132,0.0,0.927,-0.191,6,3
53.9021,118.1405,0.0018,184.242,-10.8134,0.0,0.926,-0.409,6,3
53.9217,119.0041,-0.0424,184.687,-10.8136,0.0,0.883,-0.088,6,3
53.9414,120.0368,0.0196,183.297,-10.8138,0.0,0.896,-0.084,6,3
53.9611,120.9576,0.0434,180.932,-10.814,0.0,0.916,0.063,6,3
53.981,121.8869,-0.2043,181.043,-10.8142,0.0,0.908,0.58,6,3
54.0009,122.8893,0.0108,179.644,-10.8144,0.0,0.89,-0.263,5,3
54.021,124.0237,0.0146,179.618,-10.8146,0.0,0.904,0.317,5,3
54.0411,124.917,-0.0902,179.281,-10.8148,0.0,0.901,0.128,5,3
54.0613,125.925,0.0136,176.274,-10.815,0.0,0.894,0.629,5,3
54.0816,127.0759,-0.1086,175.005,-10.8152,0.0,0.898,-0.332,5,3
54.102,128.012,0.0052,175.974,-10.8154,0.0,0.948,0.151,5,3
54.1224,129.0847,0.0748,176.32,-10.8156,0.0,0.9,-0.038,5,3
54.143,129.9678,-0.128,175.834,-10.8159,0.0,0.928,0.356,5,3
54.1637,130.8093,-0.0223,173.23,-10.8161,0.0,0.894,-0.219,5,3
54.1844,132.0466,-0.1004,174.747,-10.8163,0.0,0.894,-0.155,5,3
54.2053,133.0708,-0.0737,172.754,-10.8166,0.0,0.921,-0.5,5,3
54.2262,133.9384,-0.0087,170.396,-10.8168,0.0,0.928,0.041,5,3
54.2473,135.0768,-0.0195,172.035,-10.8171,0.0,0.91,0.046,5,3
54.2685,136.0027,-0.1101,167.292,-10.8173,0.0,0.877,0.204,5,3
54.2897,137.1643,0.133,168.713,-10.8176,0.0,0.921,0.437,5,3
54.3111,137.9431,0.0801,167.166,-10.8178,0.0,0.89,0.145,5,3
54.3326,139.0013,0.0056,166.099,-10.8181,0.0,0.91,-0.027,5,3
54.3541,140.0749,-0.0485,167.028,-10.8184,0.0,0.872,-0.746,5,3
54.3758,140.9325,0.0347,167.027,-10.8187,0.0,0.862,0.129,5,3
54.3976,142.222,0.0386,163.388,-10.819,0.0,0.899,-0.146,5,3
54.4195,142.9451,0.0111,164.817,-10.8192,0.0,0.897,-0.303,5,3
54.4416,143.9848,-0.1385,162.147,-10.8195,0.0,0.91,-0.27,5,3
54.4637,145.1424,0.1438,164.297,-10.8199,0.0,0.922,-0.174,5,3
54.486,146.02,0.0461,161.312,-10.8202,0.0,0.896,-0.33,5,3
54.5084,147.1619,0.0992,158.74,-10.8205,0.0,0.887,-0.005,5,3
54.5309,147.9241,-0.0165,158.899,-10.8208,0.0,0.915,-0.073,5,3
54.5535,148.9622,-0.0312,158.586,-10.8211,0.0,0.919,0.192,5,3
54.5762,150.0312,0.0261,155.684,-10.8215,0.0,0.896,-0.352,5,3
54.5991,151.0475,0.089,155.182,-10.8218,0.0,0.904,-0.254,5,3
54.6221,151.859,-0.0168,156.207,-10.8222,0.0,0.917,0.582,5,3
54.6453,153.0155,0.0106,157.568,-10.8226,0.0,0.888,-0.523,5,3
54.6686,154.1023,0.107,157.305,-10.8229,0.0,0.921,0.14,5,3
54.692,155.0068,-0.0062,151.636,-10.8233,0.0,0.897,0.196,5,3
54.7155,156.0345,-0.0105,151.256,-10.8237,0.0,0.877,-0.35,5,3
54.7392,156.9292,-0.0889,151.181,-10.8241,0.0,0.856,-0.041,5,3
54.7631,158.0623,-0.0548,151.429,-10.8245,0.0,0.903,0.358,5,3
54.7871,159.0141,0.1571,151.391,-10.8249,0.0,0.887,-0.113,5,3
54.8112,159.9045,-0.2423,148.253,-10.8254,0.0,0.885,0.029,5,3
54.8355,161.0273,0.0095,148.617,-10.8258,0.0,0.919,-0.46,5,3
54.86,162.0207,-0.1222,148.353,-10.8263,0.0,0.931,0.189,5,3
54.8846,163.084,0.0383,145.03,-10.8267,0.0,0.871,-0.058,5,3
54.9093,164.0037,0.0267,145.056,-10.8272,0.0,0.916,-0.025,5,3
54.9343,164.8652,0.0257,145.128,-10.8277,0.0,0.916,0.355,5,3
54.9594,165.9186,0.0384,141.366,-10.8282,0.0,0.897,-0.053,5,3
54.9847,166.9639,-0.0018,141.723,-10.8287,0.0,0.867,0.077,5,3
55.0101,167.9001,-0.0205,141.602,-10.8293,0.0,0.908,-0.253,5,3
55.0358,168.9359,-0.0023,140.511,-10.8298,0.0,0.908,0.11,5,3
55.0616,170.0514,-0.0337,138.64,-10.8304,0.0,0.885,0.157,5,3
55.0876,171.0651,-0.062,136.539,-10.831,0.0,0.903,0.284,5,3
55.1138,172.0426,-0.0046,136.282,-10.8316,0.0,0.896,-0.008,5,3
55.1402,172.9422,-0.1343,137.086,-10.8322,0.0,0.932,-0.05,5,3
55.1668,174.1084,-0.1378,134.088,-10.8328,0.0,0.905,-0.496,5,3
55.1936,175.003,0.0043,133.024,-10.8335,0.0,0.898,0.432,5,3
55.2206,175.9085,-0.0385,132.53,-10.8342,0.0,0.876,-0.07,5,3
55.2478,176.9837,0.0863,131.379,-10.8349,0.0,0.877,-0.172,5,3
55.2753,178.0573,-0.0535,130.137,-10.8356,0.0,0.897,0.063,5,3
55.3029,178.9804,-0.1128,130.229,-10.8363,0.0,0.904,0.004,5,3
55.3308,180.087,-0.0926,126.991,-10.8371,0.0,0.926,-0.348,4,3
55.359,181.0828,0.0508,125.557,-10.8379,0.0,0.924,-0.474,4,3
55.3874,181.8882,-0.092,125.664,-10.8387,0.0,0.886,-0.171,4,3
55.416,183.0214,-0.0212,124.596,-10.8396,0.0,0.867,0.244,4,3
55.4449,183.9493,0.0439,123.489,-10.8405,0.0,0.891,-0.284,4,3
55.4741,185.0228,-0.0581,122.961,-10.8414,0.0,0.884,0.519,4,3
55.5035,185.926,0.0241,120.587,-10.8424,0.0,0.926,0.194,4,3
55.5332,187.0037,-0.0294,121.05,-10.8434,0.0,0.898,0.566,4,3
55.5632,188.0342,0.1045,119.521,-10.8444,0.0,0.926,-0.076,4,3
55.5935,189.1054,0.0286,118.85,-10.8455,0.0,0.936,-0.005,4,3
55.6241,190.0373,-0.0915,118.442,-10.8466,0.0,0.895,-0.25,4,3
55.655,190.9693,0.0382,116.588,-10.8478,0.0,0.889,-0.122,4,3
55.6862,191.9283,0.0869,113.188,-10.849,0.0,0.895,-0.088,4,3
55.7178,192.9825,-0.1171,113.213,-10.8503,0.0,0.9,-0.088,4,3
55.7497,194.0546,0.0163,112.405,-10.8516,0.0,0.898,-0.116,4,3
55.782,195.1264,-0.2046,112.533,-10.853,0.0,0.937,0.041,4,3
55.8146,196.0655,0.088,111.162,-10.8545,0.0,0.925,-0.082,4,3
55.8476,196.9747,0.0748,108.534,-10.856,0.0,0.888,-0.156,4,3
55.881,197.8856,0.0385,107.328,-10.8576,0.0,0.918,-0.086,4,3
55.9149,198.885,-0.0525,106.341,-10.8593,0.0,0.898,-0.416,4,3
55.9491,199.9964,-0.0951,104.478,-10.8969,0.0,0.892,-0.416,4,3
56.0014,201.4837,0.0598,103.121,0.0,0.012,0.0,1.578,4,3
56.0541,203.1317,0.0513,101.883,0.0,0.0,0.014,1.11,4,3
56.1069,204.5143,0.23,103.475,0.0,0.022,0.044,1.283,4,3
56.1596,206.1161,0.2466,102.422,0.0,0.041,0.012,0.846,4,3
56.2124,207.4547,0.1949,103.311,0.0,0.054,0.005,1.681,4,3
56.2651,208.9028,0.5798,101.122,0.0,0.0,0.0,1.28,4,3
56.3179,210.4443,0.7072,103.485,0.0,0.005,0.003,1.141,4,3
56.3706,211.9509,0.9836,101.981,0.0,0.0,0.0,1.175,4,3
56.4234,213.5349,1.179,102.561,0.0,0.0,0.0,1.909,4,3
56.4761,214.8564,1.5076,102.23,0.0,0.022,0.006,1.147,4,3
56.5289,216.4862,1.8518,102.649,0.0,0.008,0.0,0.439,4,3
56.5816,217.7558,2.0559,103.596,0.0,0.015,0.03,0.957,4,3
56.6344,219.2846,2.6674,104.644,0.0,0.0,0.023,1.504,4,3
56.6871,220.6735,2.9777,101.372,0.0,0.048,0.0,1.129,4,3
56.7399,222.2851,3.3468,102.7,0.0,0.002,0.0,1.42,4,3
56.7926,223.5728,3.7006,101.79,0.0,0.0,0.0,1.801,4,3
56.8454,225.0781,4.3515,101.963,0.0,0.004,0.011,1.256,4,3
56.8981,226.4158,4.8561,101.91,0.0,0.0,0.0,1.234,4,3
56.9509,227.8547,5.4466,103.708,0.0,0.018,0.0,1.839,4,3
57.0037,229.2669,6.1251,101.542,0.0,0.005,0.014,1.218,4,3
57.0564,230.5385,6.4882,100.635,0.0,0.015,0.0,0.994,4,3
57.1092,232.0141,7.1076,100.447,0.0,0.015,0.03,0.823,4,3
57.1619,233.2529,7.7686,102.573,0.0,0.0,0.0,0.699,4,3
57.2147,234.4999,8.3947,101.796,0.0,0.018,0.018,1.021,4,3
57.2674,236.0223,9.2799,102.803,0.0,0.004,0.0,1.281,4,3
57.3202,237.2453,9.9139,102.654,0.0,0.006,0.0,1.147,4,3
57.3729,238.4704,10.7472,102.107,0.0,0.033,0.004,1.074,4,3
57.4257,239.7989,11.4181,101.924,0.0,0.0,0.015,1.202,4,3
57.4784,241.0702,12.3555,102.358,0.0,0.014,0.027,1.083,4,3
57.5312,242.2546,13.0738,102.119,0.0,0.0,0.014,1.39,4,3
57.5839,243.6482,13.9605,102.232,0.0,0.001,0.0,0.687,4,3
57.6367,244.785,14.8318,101.67,0.0,0.005,0.006,1.658,4,3
57.6894,245.911,15.6344,103.284,0.0,0.023,0.0,0.357,4,3
57.7422,247.3124,16.7276,103.582,0.0,0.0,0.0,1.266,4,3
57.7949,248.2601,17.7292,103.469,0.0,0.004,0.0,1.355,4,3
57.8477,249.4158,18.6172,102.229,0.0,0.0,0.025,1.066,4,3
57.9004,250.6466,19.7649,102.294,0.0,0.0,0.0,1.643,4,3
57.9532,251.5787,20.6359,101.872,0.0,0.0,0.0,1.123,4,3
58.006,252.7879,21.7965,102.858,0.0,0.005,0.021,0.782,4,3
58.0587,253.777,22.8321,101.933,0.0,0.005,0.0,1.055,4,3
58.1115,254.8659,23.8696,102.772,0.0,0.01,0.01,1.29,4,3
58.1642,255.9043,24.8938,103.489,0.0,0.0,0.0,1.49,4,3
58.217,256.8426,26.0637,101.11,0.0,0.003,0.0,1.549,4,3
58.2697,257.7802,27.3192,104.119,0.0,0.02,0.005,1.314,4,3
58.3225,258.7543,28.4186,103.387,0.0,0.038,0.0,0.87,4,3
58.3752,259.6003,29.6659,103.279,0.0,0.0,0.0,0.985,4,3
58.428,260.4971,30.8606,103.82,0.0,0.0,0.004,1.464,4,3
58.4807,261.4866,31.9917,102.005,0.0,0.008,0.022,0.919,4,3
58.5335,262.2586,33.2022,103.652,0.0,0.007,0.0,1.609,4,3
58.5862,263.1766,34.4523,104.095,0.0,0.018,0.017,1.175,4,3
58.639,263.9891,35.7488,102.558,0.0,0.0,0.0,1.318,4,3
58.6917,264.7498,37.0224,103.605,0.0,0.032,0.0,1.348,4,3
58.7445,265.283,38.3616,102.239,0.0,0.044,0.013,1.08,4,3
58.7972,266.1238,39.7968,101.763,0.0,0.003,0.022,1.064,4,3
58.85,266.9201,41.0339,101.748,0.0,0.021,0.0,1.399,4,3
58.9027,267.585,42.4606,102.261,0.0,0.001,0.0,1.299,4,3
58.9555,268.1768,43.7057,102.069,0.0,0.0,0.013,1.154,4,3
59.0082,268.7512,45.0878,101.707,0.0,0.0,0.015,1.44,4,3
59.061,269.3361,46.4872,103.247,0.0,0.008,0.0,1.184,4,3
59.1138,270.022,47.9351,102.965,0.0,0.0,0.001,1.001,4,3
59.1665,270.4351,49.157,101.744,0.0,0.0,0.0,1.409,4,3
59.2193,270.9999,50.7367,101.496,0.0,0.011,0.005,1.257,4,3
59.272,271.396,52.1722,102.316,0.0,0.02,0.017,0.702,4,3
59.3248,271.8102,53.5592,101.319,0.0,0.007,0.0,1.63,4,3
59.3775,272.1615,55.1078,102.902,0.0,0.0,0.031,1.833,4,3
59.4303,272.6601,56.271,101.921,0.0,0.009,0.008,1.453,4,3
59.483,272.9642,57.9822,101.63,0.0,0.0,0.01,1.177,4,3
59.5358,273.2849,59.4512,101.654,0.0,0.002,0.0,1.658,4,3
59.5885,273.7025,60.9011,103.667,0.0,0.0,0.017,1.416,4,3
59.6413,273.8979,62.3584,102.756,0.0,0.0,0.0,0.894,4,3
59.694,274.0897,63.8535,102.622,0.0,0.01,0.0,0.839,4,3
59.7468,274.2537,65.2605,101.615,0.0,0.0,0.032,1.155,4,3
59.7995,274.4024,66.8951,103.276,0.0,0.0,0.016,1.658,4,3
59.8523,274.696,68.2586,103.234,0.0,0.0,0.0,1.056,4,3
59.905,274.8336,69.6912,102.404,0.0,0.059,0.02,1.571,4,3
59.9578,274.8541,71.2989,101.864,0.0,0.0,0.022,1.657,4,3
60.0105,274.9893,72.8303,102.942,0.0,0.002,0.004,1.592,4,3
60.0633,274.8876,74.3222,100.786,0.0,0.048,0.0,1.018,4,3
60.116,275.0331,75.7488,103.711,0.0,0.034,0.012,1.21,4,3
60.1688,274.9813,77.295,101.682,0.0,0.013,0.0,1.178,4,3
60.2216,274.9139,78.7094,102.859,0.0,0.007,0.006,0.95,4,3
60.2743,274.6917,80.3123,102.44,0.0,0.029,0.0,0.79,4,3
60.3271,274.6772,81.79,102.452,0.0,0.0,0.006,1.285,4,3
60.3798,274.539,83.2673,103.639,0.0,0.0,0.003,1.352,4,3
60.4326,274.3823,84.843,104.115,0.0,0.0,0.009,1.094,4,3
60.4853,274.0518,86.1437,102.458,0.0,0.003,0.0,1.239,4,3
60.5381,273.8182,87.8273,102.63,0.0,0.0,0.01,0.767,4,3
60.5908,273.6499,89.0581,101.117,0.0,0.009,0.0,1.492,4,3
60.6436,273.2142,90.617,102.371,0.0,0.0,0.0,0.939,4,3
60.6963,273.028,92.1338,104.785,0.0,0.0,0.0,0.801,4,3
60.7491,272.6931,93.5838,102.862,0.0,0.074,0.0,1.55,4,3
60.8018,272.3052,95.012,102.471,0.0,0.01,0.0,1.263,4,3
60.8546,271.8532,96.3676,102.588,0.0,0.0,0.021,1.058,4,3
60.9073,271.4117,97.9922,102.205,0.0,0.016,0.0,0.28,4,3
60.9601,270.8369,99.3499,103.223,0.0,0.0,0.014,1.461,4,3
61.0128,270.4994,100.7874,101.5,0.0,0.0,0.014,0.988,4,3
61.0656,269.9434,102.1595,102.332,0.0,0.03,0.015,1.237,4,3
61.1183,269.3754,103.4136,102.342,0.0,0.0,0.0,0.755,4,3
61.1711,268.7604,105.0228,102.706,0.0,0.007,0.012,1.16,4,3
61.2239,268.0788,106.3072,100.55,0.0,0.012,0.036,1.601,4,3
61.2766,267.6348,107.5795,102.637,0.0,0.001,0.0,0.63,4,3
61.3294,266.7619,108.9571,101.35,0.0,0.0,0.008,0.832,4,3
61.3821,266.0188,110.2276,101.794,0.0,0.0,0.0,1.464,4,3
61.4349,265.4518,111.8158,102.763,0.0,0.04,0.009,1.625,4,3
61.4876,264.8474,112.8362,102.355,0.0,0.029,0.0,1.447,4,3
61.5404,263.9425,114.4077,102.204,0.0,0.02,0.0,1.624,4,3
61.5931,263.0269,115.5325,101.802,0.0,0.0,0.02,0.423,4,3
61.6459,262.2059,116.6949,101.125,0.0,0.0,0.0,1.862,4,3
61.6986,261.4169,117.9885,102.908,0.0,0.011,0.0,1.548,4,3
61.7514,260.4556,119.1519,101.858,0.0,0.005,0.011,1.3,4,3
61.8041,259.7233,120.3697,101.071,0.0,0.001,0.0,1.002,4,3
61.8569,258.8597,121.6056,101.685,0.0,0.0,0.001,0.899,4,3
61.9096,257.7747,122.6507,101.83,0.0,0.0,0.0,0.957,4,3
61.9624,256.9516,123.8481,102.917,0.0,0.002,0.0,1.144,4,3
62.0151,255.9124,124.9378,102.172,0.0,0.012,0.0,0.563,4,3
62.0679,255.0036,126.1187,102.116,0.0,0.007,0.026,1.197,4,3
62.1206,253.7997,127.1581,102.074,0.0,0.001,0.003,1.316,4,3
62.1734,252.5715,128.3143,101.336,0.0,0.006,0.012,1.287,4,3
62.2261,251.7823,129.3199,100.807,0.0,0.008,0.0,1.258,4,3
62.2789,250.5996,130.332,103.379,0.0,0.0,0.019,0.8,4,3
62.3317,249.4974,131.4188,101.421,0.0,0.0,0.0,1.156,4,3
62.3844,248.3601,132.403,101.609,0.0,0.0,0.0,1.715,4,3
62.4372,246.9473,133.3265,102.113,0.0,0.003,0.035,0.973,4,3
62.4899,245.9645,134.225,104.204,0.0,0.0,0.006,1.505,4,3
62.5427,244.7003,135.1293,103.211,0.0,0.0,0.044,1.593,4,3
62.5954,243.5958,135.9443,103.038,0.0,0.009,0.01,1.56,4,3
62.6482,242.269,136.8684,102.915,0.0,0.012,0.0,1.389,4,3
62.7009,241.1637,137.7039,102.391,0.0,0.014,0.0,0.879,4,3
62.7537,239.8147,138.7011,103.261,0.0,0.0,0.0,1.23,4,3
62.8064,238.6424,139.3188,101.263,0.0,0.014,0.0,1.277,4,3
62.8592,237.1793,140.1696,102.193,0.0,0.0,0.0,1.061,4,3
62.9119,236.0115,140.6943,102.474,0.0,0.002,0.022,1.03,4,3
62.9647,234.6459,141.3995,105.143,0.0,0.008,0.003,0.496,4,3
63.0174,233.3041,142.2069,101.353,0.0,0.0,0.0,1.472,4,3
63.0702,231.9938,142.8729,101.753,0.0,0.0,0.025,1.413,4,3
63.1229,230.5664,143.5235,101.421,0.0,0.0,0.024,1.32,4,3
63.1757,229.2127,144.0703,102.988,0.0,0.0,0.0,0.941,4,3
63.2284,227.8845,144.7319,101.813,0.0,0.008,0.0,1.179,4,3
63.2812,226.383,145.1395,103.928,0.0,0.0,0.01,1.317,4,3
63.3339,225.0362,145.7872,101.933,0.0,0.01,0.004,1.223,4,3
63.3867,223.5784,146.1123,102.204,0.0,0.0,0.0,1.27,4,3
63.4395,222.2148,146.7037,101.948,0.0,0.0,0.007,1.112,4,3
63.4922,220.827,147.0706,102.197,0.0,0.0,0.013,1.106,4,3
63.545,219.3045,147.5396,103.164,0.0,0.007,0.0,1.411,4,3
63.5977,217.8041,147.7839,104.358,0.0,0.0,0.025,1.193,4,3
63.6505,216.3326,148.1726,102.381,0.0,0.02,0.0,1.136,4,3
63.7032,214.9724,148.4798,103.291,0.0,0.022,0.0,0.565,4,3
63.756,213.4054,148.8716,102.866,0.0,0.03,0.008,0.937,4,3
63.8087,211.8584,149.1057,101.638,0.0,0.005,0.001,1.273,4,3
63.8615,210.5385,149.3227,102.863,0.0,0.0,0.0,2.063,4,3
63.9142,208.9258,149.3863,102.584,0.0,0.03,0.0,1.284,4,3
63.967,207.2614,149.6964,104.243,0.0,0.0,0.013,0.93,4,3
64.0197,206.1316,149.692,103.932,0.0,0.004,0.007,1.188,4,3
64.0725,204.4773,149.8037,103.614,0.0,0.004,0.022,0.746,4,3
64.1252,203.0192,149.9036,102.238,0.0,0.01,0.058,0.898,4,3
64.178,201.4494,150.1024,102.288,0.0,0.0,0.0,0.851,4,3
64.2307,199.9855,149.9692,103.003,10.72,0.853,0.0,1.313,4,3
64.2657,198.9757,150.0379,102.855,10.7218,0.847,0.0,-0.323,4,3
64.3001,197.9548,150.0354,104.995,10.7236,0.873,0.0,-0.075,4,3
64.3342,197.0264,149.9098,105.012,10.7252,0.84,0.0,-0.015,4,3
64.3678,196.039,150.0209,107.367,10.7268,0.846,0.0,0.128,4,3
64.401,195.0861,149.9979,108.773,10.7283,0.871,0.0,0.225,4,3
64.4338,194.1086,150.0173,112.158,10.7297,0.836,0.0,0.099,4,3
64.4663,193.0469,149.9771,111.243,10.731,0.842,0.0,-0.043,4,3
64.4984,191.9454,150.0402,111.394,10.7324,0.849,0.0,0.149,4,3
64.5301,190.9631,149.904,113.968,10.7336,0.84,0.0,-0.039,4,3
64.5615,190.0791,150.0251,116.603,10.7348,0.853,0.0,-0.243,4,3
64.5926,189.0055,150.1206,117.768,10.7359,0.834,0.0,-0.514,4,3
64.6233,187.9522,150.0892,117.859,10.737,0.854,0.0,0.319,4,3
64.6538,187.0815,149.9734,118.891,10.7381,0.846,0.0,0.646,4,3
64.6839,186.0378,149.9549,122.378,10.7391,0.851,0.0,0.622,4,3
64.7138,184.8917,149.992,120.883,10.7401,0.811,0.0,-0.184,4,3
64.7433,183.8287,150.0482,121.552,10.741,0.845,0.0,0.164,4,3
64.7726,182.9982,149.955,123.344,10.7419,0.826,0.0,-0.193,4,3
64.8016,182.0375,150.0034,124.956,10.7428,0.858,0.0,0.11,4,3
64.8304,180.8376,150.0135,124.339,10.7437,0.808,0.0,0.042,4,3
64.8589,180.0778,150.01,123.479,10.7445,0.856,0.0,-0.44,4,3
64.8872,179.0598,150.1331,127.371,10.7453,0.872,0.0,-0.118,4,3
64.9152,178.0811,150.0449,128.368,10.746,0.843,0.0,-0.423,4,3
64.943,177.0475,149.9251,132.618,10.7468,0.818,0.0,-0.537,5,3
64.9706,175.9925,149.8489,131.726,10.7475,0.831,0.0,-0.149,5,3
64.9979,174.853,150.096,129.835,10.7482,0.859,0.0,0.119,4,3
65.025,174.0969,150.2903,131.877,10.7488,0.865,0.0,-0.084,5,3
65.0519,172.9634,149.9935,135.161,10.7495,0.822,0.0,0.429,5,3
65.0786,171.8587,149.8168,135.638,10.7501,0.829,0.0,-0.172,5,3
65.1051,171.0349,149.8939,136.683,10.7507,0.852,0.0,0.215,5,3
65.1314,169.9072,149.9085,137.317,10.7513,0.865,0.0,0.053,5,3
65.1575,169.1405,150.0474,138.598,10.7519,0.83,0.0,-0.245,5,3
65.1834,168.0841,149.9066,139.725,10.7525,0.801,0.0,-0.256,5,3
65.2092,166.9827,149.9675,141.209,10.753,0.859,0.0,-0.192,5,3
65.2347,165.9441,150.0201,141.559,10.7535,0.839,0.0,-0.131,5,3
65.2601,164.9839,150.1024,143.062,10.754,0.817,0.0,-0.07,5,3
65.2853,163.9325,149.8601,142.653,10.7545,0.849,0.0,-0.0,5,3
65.3103,163.1386,150.1361,144.292,10.755,0.841,0.0,0.307,5,3
65.3352,161.8891,149.9411,146.639,10.7555,0.826,0.0,-0.01,5,3
65.3598,160.8575,150.0697,145.639,10.756,0.853,0.0,-0.065,5,3
65.3844,160.0427,149.9266,145.434,10.7564,0.847,0.0,-0.048,5,3
65.4087,159.0396,149.9819,147.631,10.7569,0.858,0.0,-0.107,5,3
65.433,158.0204,150.0264,150.54,10.7573,0.865,0.0,0.023,5,3
65.457,157.0871,150.0907,148.145,10.7577,0.851,0.0,-0.045,5,3
65.4809,156.0565,150.156,151.058,10.7581,0.835,0.0,0.324,5,3
65.5047,155.0579,149.971,151.512,10.7585,0.871,0.0,0.213,5,3
65.5283,154.0624,149.874,152.588,10.7589,0.869,0.0,-0.325,5,3
65.5518,153.0816,150.0753,152.791,10.7593,0.858,0.0,0.152,5,3
65.5752,152.0774,149.9679,156.759,10.7596,0.832,0.0,0.409,5,3
65.5984,150.8939,150.1819,153.74,10.76,0.821,0.0,0.161,5,3
65.6215,150.0632,150.0817,156.819,10.7603,0.851,0.0,0.073,5,3
65.6444,148.8766,150.1596,158.502,10.7607,0.843,0.0,-0.225,5,3
65.6672,148.0786,149.942,157.447,10.761,0.863,0.0,-0.49,5,3
65.6899,147.0411,149.9542,159.008,10.7614,0.88,0.0,0.711,5,3
65.7125,146.0007,149.9474,160.788,10.7617,0.82,0.0,-0.057,5,3
65.7349,144.9515,150.0005,162.188,10.762,0.836,0.0,0.394,5,3
65.7573,143.9415,150.0041,160.929,10.7623,0.866,0.0,-0.167,5,3
65.7795,143.0675,150.0558,160.141,10.7626,0.854,0.0,0.415,5,3
65.8015,142.0997,150.0881,164.607,10.7629,0.834,0.0,-0.44,5,3
65.8235,140.9328,150.0246,164.04,10.7632,0.846,0.0,-0.717,5,3
65.8454,139.9783,150.0522,165.625,10.7635,0.837,0.0,0.077,5,3
65.8671,138.9936,150.0317,165.419,10.7638,0.875,0.0,0.174,5,3
65.8887,137.8691,149.8758,165.522,10.764,0.885,0.0,-0.138,5,3
65.9103,137.0131,149.9714,165.695,10.7643,0.872,0.0,0.757,5,3
65.9317,136.0382,149.9334,167.455,10.7646,0.85,0.0,-0.305,5,3
65.953,135.0304,149.9492,168.172,10.7648,0.844,0.0,0.01,5,3
65.9742,134.0516,149.978,167.239,10.7651,0.846,0.0,-0.067,5,3
65.9953,132.9813,150.0746,172.033,10.7653,0.857,0.0,-0.017,5,3
66.0163,132.0346,149.984,170.899,10.7655,0.849,0.0,-0.045,5,3
66.0372,131.0217,150.0565,172.548,10.7658,0.837,0.0,0.16,5,3
66.058,130.0242,149.9232,173.616,10.766,0.845,0.0,0.262,5,3
66.0788,129.1055,149.9955,173.56,10.7663,0.829,0.0,-0.004,5,3
66.0994,128.0949,149.9523,175.563,10.7665,0.85,0.0,0.403,5,3
66.1199,127.0025,149.9688,174.92,10.7667,0.886,0.0,0.17,5,3
66.1403,125.9947,150.0825,176.411,10.7669,0.853,0.0,0.055,5,3
66.1607,125.0201,150.0836,177.793,10.7671,0.833,0.0,-0.523,5,3
66.1809,123.8704,149.9833,180.308,10.7673,0.87,0.0,-0.498,6,3
66.2011,122.9134,149.9525,179.958,10.7675,0.866,0.0,0.215,5,3
66.2212,121.9854,150.0115,177.742,10.7677,0.867,0.0,-0.511,5,3
66.2411,121.0635,150.072,177.151,10.7679,0.839,0.0,0.348,5,3
66.261,120.0561,150.0092,178.869,10.7681,0.812,0.0,-0.16,5,3
66.2809,119.0615,149.9625,182.422,10.7683,0.851,0.0,-0.0,6,3
66.3006,118.0012,150.0575,183.754,10.7685,0.851,0.0,0.064,6,3
66.3202,117.026,149.9739,185.125,10.7687,0.852,0.0,0.244,6,3
66.3398,115.8702,150.0976,183.021,10.7689,0.823,0.0,-0.457,6,3
66.3593,114.9714,149.9443,183.827,10.7691,0.86,0.0,-0.127,6,3
66.3787,113.9494,149.9972,185.383,10.7692,0.844,0.0,-0.135,6,3
66.398,113.0412,149.9262,186.015,10.7694,0.866,0.0,-0.512,6,3
66.4173,112.0004,149.972,185.747,10.7696,0.909,0.0,-0.357,6,3
66.4365,110.8674,150.0102,188.984,10.7698,0.82,0.0,0.259,6,3
66.4556,110.0942,150.0541,187.886,10.7699,0.839,0.0,0.223,6,3
66.4746,109.1059,149.9632,191.779,10.7701,0.838,0.0,-0.519,6,3
66.4935,107.8809,150.0544,190.294,10.7702,0.889,0.0,0.114,6,3
66.5124,107.0401,149.9703,191.804,10.7704,0.869,0.0,0.228,6,3
66.5312,106.041,150.0057,191.461,10.7706,0.862,0.0,-0.253,6,3
66.55,104.9283,149.9198,189.844,10.7707,0.844,0.0,0.269,6,3
66.5686,104.1285,149.9948,193.353,10.7709,0.861,0.0,0.706,6,3
66.5872,103.1012,150.0314,196.873,10.771,0.857,0.0,0.145,6,3
66.6058,102.0847,149.9289,192.787,10.7712,0.863,0.0,0.207,6,3
66.6242,100.8974,150.0988,194.207,10.7713,0.819,0.0,1.048,6,3
66.6426,99.882,149.9906,195.798,5.3985,0.419,0.0,-0.171,6,3
66.6609,99.0276,149.8529,194.195,-10.8106,0.0,0.93,-0.671,6,3
66.6793,97.9387,149.8665,195.802,-10.8108,0.0,0.892,0.11,6,3
66.6977,96.9385,150.0719,193.392,-10.8109,0.0,0.901,0.104,6,3
66.7162,95.9612,149.9132,195.706,-10.8111,0.0,0.926,0.088,6,3
66.7348,94.9528,149.9678,194.23,-10.8112,0.0,0.879,-0.434,6,3
66.7534,93.8985,149.9886,190.114,-10.8114,0.0,0.898,0.498,6,3
66.7721,92.9904,150.0155,191.93,-10.8115,0.0,0.881,-0.519,6,3
66.7909,92.1342,149.9431,193.257,-10.8117,0.0,0.935,-0.353,6,3
66.8097,91.1764,150.0399,193.271,-10.8118,0.0,0.9,0.313,6,3
66.8286,89.8699,150.0043,187.39,-10.812,0.0,0.894,-0.115,6,3
66.8476,88.8825,149.9151,188.499,-10.8122,0.0,0.911,0.226,6,3
66.8667,88.1391,150.0619,188.129,-10.8123,0.0,0.907,-0.037,6,3
66.8858,86.9069,149.935,190.075,-10.8125,0.0,0.902,-0.594,6,3
66.905,86.0921,149.9216,188.874,-10.8127,0.0,0.913,-0.134,6,3
66.9243,85.0053,150.0236,184.473,-10.8128,0.0,0.895,-0.17,6,3
66.9437,83.9079,149.9826,183.833,-10.813,0.0,0.876,-0.279,6,3
66.9631,83.0497,149.9779,189.974,-10.8132,0.0,0.856,0.172,6,3
66.9827,82.0949,150.0601,184.822,-10.8134,0.0,0.902,-0.442,6,3
67.0023,81.044,150.0025,184.353,-10.8136,0.0,0.93,-0.305,6,3
67.022,79.9255,150.04,182.668,-10.8138,0.0,0.878,0.321,6,3
67.0418,79.0307,150.0306,182.422,-10.814,0.0,0.907,-0.167,6,3
67.0616,78.1016,149.8941,179.455,-10.8142,0.0,0.881,-0.237,5,3
67.0816,77.0332,150.0284,180.995,-10.8144,0.0,0.918,-1.078,6,3
67.1016,75.9639,149.7902,178.873,-10.8146,0.0,0.89,-0.026,5,3
67.1217,75.0743,150.1838,178.493,-10.8148,0.0,0.896,-0.007,5,3
67.1419,74.17,149.9869,175.744,-10.815,0.0,0.877,0.349,5,3
67.1622,72.9859,149.9552,177.967,-10.8152,0.0,0.893,-0.376,5,3
67.1826,72.1237,150.0715,178.526,-10.8154,0.0,0.909,0.483,5,3
67.2031,70.9684,150.075,175.748,-10.8156,0.0,0.923,0.027,5,3
67.2236,70.0966,150.0321,175.06,-10.8159,0.0,0.908,0.381,5,3
67.2443,68.978,150.0012,174.007,-10.8161,0.0,0.904,-0.087,5,3
67.2651,68.0482,150.0071,171.56,-10.8163,0.0,0.905,-0.39,5,3
67.2859,66.9383,150.0679,172.328,-10.8166,0.0,0.88,-0.193,5,3
67.3069,66.0235,149.9695,170.531,-10.8168,0.0,0.89,-0.322,5,3
67.3279,65.1656,150.0666,168.841,-10.8171,0.0,0.929,-0.03,5,3
67.3491,64.0441,149.9111,169.28,-10.8173,0.0,0.901,0.033,5,3
67.3703,63.0592,150.0058,170.068,-10.8176,0.0,0.921,-0.171,5,3
67.3917,61.9505,150.1235,168.224,-10.8178,0.0,0.914,-0.26,5,3
67.4132,61.0916,150.1398,167.481,-10.8181,0.0,0.94,-0.025,5,3
67.4348,60.0252,149.9946,164.477,-10.8184,0.0,0.883,-0.546,5,3
67.4565,59.0271,149.9925,163.292,-10.8187,0.0,0.896,0.21,5,3
67.4783,58.0545,149.9293,162.977,-10.819,0.0,0.927,-0.106,5,3
67.5002,57.1154,150.0264,162.764,-10.8192,0.0,0.914,-0.049,5,3
67.5222,55.9296,149.9897,164.941,-10.8195,0.0,0.898,0.26,5,3
67.5443,54.9966,149.9896,163.741,-10.8199,0.0,0.91,0.275,5,3
67.5666,54.0108,150.0612,161.158,-10.8202,0.0,0.918,-0.025,5,3
67.589,52.9729,149.9736,160.543,-10.8205,0.0,0.899,-0.443,5,3
67.6115,52.0148,149.9625,159.756,-10.8208,0.0,0.867,-0.035,5,3
67.6341,50.9944,150.0364,159.224,-10.8211,0.0,0.901,0.472,5,3
67.6569,49.8947,150.0806,157.721,-10.8215,0.0,0.901,-0.117,5,3
67.6797,48.9581,149.8395,156.332,-10.8218,0.0,0.906,-0.077,5,3
67.7028,47.9887,149.9553,159.022,-10.8222,0.0,0.89,0.12,5,3
67.7259,47.0539,149.9582,153.953,-10.8226,0.0,0.889,-0.365,5,3
67.7492,46.0523,149.9991,155.346,-10.8229,0.0,0.894,-0.116,5,3
67.7726,45.0546,150.0358,154.041,-10.8233,0.0,0.902,0.005,5,3
67.7962,44.0086,149.898,152.323,-10.8237,0.0,0.884,0.467,5,3
67.8199,43.1392,150.105,151.98,-10.8241,0.0,0.886,-0.185,5,3
67.8437,42.0422,150.0575,151.283,-10.8245,0.0,0.904,0.096,5,3
67.8677,41.0867,149.945,146.742,-10.8249,0.0,0.899,-0.089,5,3
67.8918,40.0004,149.9158,149.909,-10.8254,0.0,0.899,-0.33,5,3
67.9161,38.9315,150.0228,146.337,-10.8258,0.0,0.868,-0.087,5,3
67.9406,37.8938,149.949,146.33,-10.8263,0.0,0.91,0.458,5,3
67.9652,37.0635,149.9867,145.595,-10.8267,0.0,0.885,-0.396,5,3
67.99,36.059,149.9151,143.281,-10.8272,0.0,0.899,0.077,5,3
68.0149,35.09,150.0658,144.41,-10.8277,0.0,0.899,-0.548,5,3
68.04,33.9884,149.9598,143.101,-10.8282,0.0,0.925,-0.035,5,3
68.0653,32.8864,150.11,140.992,-10.8287,0.0,0.895,0.438,5,3
68.0907,32.0881,150.0113,142.813,-10.8293,0.0,0.915,0.415,5,3
68.1164,31.0535,149.9457,140.153,-10.8298,0.0,0.87,0.003,5,3
68.1422,30.0348,150.0883,136.752,-10.8304,0.0,0.929,0.089,5,3
68.1682,29.107,150.1595,137.35,-10.831,0.0,0.896,0.01,5,3
68.1944,28.0666,150.0748,135.517,-10.8316,0.0,0.916,0.074,5,3
68.2208,26.9685,150.1222,138.289,-10.8322,0.0,0.894,0.022,5,3
68.2474,26.0925,150.0069,134.907,-10.8328,0.0,0.923,-0.331,5,3
68.2742,25.0799,150.011,133.698,-10.8335,0.0,0.919,0.028,5,3
68.3012,24.0073,150.0029,133.0,-10.8342,0.0,0.868,0.677,5,3
68.3284,23.0963,150.0107,132.329,-10.8349,0.0,0.941,0.021,5,3
68.3559,21.9851,149.9977,130.549,-10.8356,0.0,0.903,-0.44,5,3
68.3836,20.9926,150.0878,128.88,-10.8363,0.0,0.882,-0.333,4,3
68.4115,20.14,149.8133,127.593,-10.8371,0.0,0.862,-0.195,4,3
68.4396,19.0631,149.9657,127.782,-10.8379,0.0,0.928,-0.394,4,3
68.468,18.0141,150.0132,128.156,-10.8387,0.0,0.902,0.056,4,3
68.4966,16.9552,150.0752,125.162,-10.8396,0.0,0.937,-0.224,4,3
68.5255,16.0981,149.946,122.752,-10.8405,0.0,0.916,-0.052,4,3
68.5547,15.1136,150.1413,122.673,-10.8414,0.0,0.904,0.11,4,3
68.5841,13.938,149.9242,121.06,-10.8424,0.0,0.925,-0.031,4,3
68.6138,12.9745,150.0074,119.167,-10.8434,0.0,0.892,0.232,4,3
68.6438,11.8896,149.9162,117.686,-10.8444,0.0,0.887,0.285,4,3
68.6741,11.0617,149.9462,117.971,-10.8455,0.0,0.921,-0.802,4,3
68.7047,10.1314,150.0891,116.515,-10.8466,0.0,0.862,-0.23,4,3
68.7356,8.9942,149.8978,115.991,-10.8478,0.0,0.899,-0.299,4,3
68.7669,7.982,149.9219,114.607,-10.849,0.0,0.924,0.122,4,3
68.7984,6.9169,149.9435,115.239,-10.8503,0.0,0.901,-0.11,4,3
68.8303,6.0433,149.8348,111.45,-10.8516,0.0,0.869,0.169,4,3
68.8626,5.131,150.0276,110.964,-10.853,0.0,0.865,0.057,4,3
68.8952,3.9157,149.9899,110.004,-10.8545,0.0,0.892,0.282,4,3
68.9283,3.0572,149.8661,107.571,-10.856,0.0,0.911,0.382,4,3
68.9617,1.9991,149.9545,108.18,-10.8576,0.0,0.886,-0.139,4,3
68.9955,1.0773,150.075,104.854,-10.8593,0.0,0.899,0.451,4,3
69.0297,-0.0847,150.082,102.923,-10.8969,0.0,0.903,0.512,4,3
69.082,-1.5581,149.8759,101.253,0.0,0.0,0.0,1.169,4,3
69.1347,-2.9934,150.0001,102.243,0.0,0.0,0.0,1.244,4,3
69.1875,-4.4369,149.8797,102.653,0.0,0.013,0.017,1.042,4,3
69.2402,-5.9777,149.6312,100.641,0.0,0.004,0.021,1.165,4,3
69.293,-7.3906,149.7241,103.321,0.0,0.028,0.0,1.182,4,3
69.3457,-8.9515,149.4269,102.86,0.0,0.0,0.0,1.462,4,3
69.3985,-10.4315,149.1652,101.54,0.0,0.0,0.031,0.684,4,3
69.4512,-12.0346,149.0435,101.825,0.0,0.046,0.021,1.322,4,3
69.504,-13.4664,148.7823,100.9,0.0,0.003,0.0,1.22,4,3
69.5568,-14.7767,148.4333,102.265,0.0,0.0,0.022,1.154,4,3
69.6095,-16.3703,148.2154,101.743,0.0,0.004,0.0,1.421,4,3
69.6623,-17.8859,148.0125,100.76,0.0,0.0,0.025,1.428,4,3
69.715,-19.2861,147.4008,102.138,0.0,0.003,0.016,1.385,4,3
69.7678,-20.7285,146.9769,103.876,0.0,0.051,0.0,1.226,4,3
69.8205,-22.0865,146.6738,100.671,0.0,0.0,0.0,1.161,4,3
69.8733,-23.566,146.086,102.206,0.0,0.0,0.005,1.374,4,3
69.926,-25.2069,145.6363,101.757,0.0,0.0,0.002,1.109,4,3
69.9788,-26.5202,145.152,101.951,0.0,0.006,0.002,1.413,4,3
70.0315,-27.9007,144.6568,102.308,0.0,0.0,0.018,1.193,4,3
70.0843,-29.3358,144.1373,102.497,0.0,0.0,0.0,0.967,4,3
70.137,-30.5062,143.3583,102.465,0.0,0.034,0.013,1.185,4,3
70.1898,-31.9438,142.7958,102.979,0.0,0.012,0.008,1.145,4,3
70.2425,-33.2409,142.1386,103.058,0.0,0.0,0.0,1.62,4,3
70.2953,-34.5718,141.6314,103.548,0.0,0.015,0.005,1.562,4,3
70.348,-36.0287,140.7664,102.416,0.0,0.0,0.0,1.503,4,3
70.4008,-37.3395,140.0365,101.556,0.0,0.01,0.033,1.55,4,3
70.4535,-38.6024,139.258,103.079,0.0,0.0,0.0,1.457,4,3
70.5063,-39.8897,138.6387,101.681,0.0,0.028,0.005,0.78,4,3
70.559,-41.244,137.6916,101.769,0.0,0.0,0.0,1.51,4,3
70.6118,-42.4644,136.8903,102.841,0.0,0.0,0.0,1.254,4,3
70.6646,-43.6776,136.0727,102.99,0.0,0.0,0.032,0.628,4,3
70.7173,-44.9257,135.1245,103.154,0.0,0.047,0.005,1.376,4,3
70.7701,-46.0703,134.0757,102.019,0.0,0.038,0.0,1.598,4,3
70.8228,-47.2331,133.2781,100.356,0.0,0.0,0.0,1.275,4,3
70.8756,-48.3876,132.2958,101.998,0.0,0.0,0.0,1.592,4,3
70.9283,-49.4347,131.2505,102.484,0.0,0.001,0.0,1.005,4,3
70.9811,-50.4966,130.2531,102.445,0.0,0.016,0.0,1.324,4,3
71.0338,-51.8009,129.4082,101.76,0.0,0.016,0.0,1.489,4,3
71.0866,-52.7886,128.3465,104.356,0.0,0.0,0.0,1.813,4,3
71.1393,-53.8618,127.2277,103.653,0.0,0.031,0.032,1.115,4,3
71.1921,-54.7566,126.0841,102.281,0.0,0.0,0.022,0.855,4,3
71.2448,-55.9119,124.9571,102.293,0.0,0.0,0.0,1.45,4,3
71.2976,-56.7644,124.0038,101.44,0.0,0.008,0.0,1.142,4,3
71.3503,-57.7215,122.6955,101.907,0.0,0.0,0.028,1.149,4,3
71.4031,-58.9615,121.7682,101.91,0.0,0.0,0.007,0.79,4,3
71.4558,-59.679,120.3383,102.59,0.0,0.022,0.016,0.67,4,3
71.5086,-60.6345,119.1762,103.267,0.0,0.0,0.0,1.126,4,3
71.5613,-61.4735,117.9618,102.869,0.0,0.021,0.0,0.852,4,3
71.6141,-62.338,116.7787,101.142,0.0,0.0,0.017,1.293,4,3
71.6669,-63.1982,115.3936,102.128,0.0,0.0,0.001,1.277,4,3
71.7196,-63.9035,114.2821,102.268,0.0,0.0,0.0,1.524,4,3
71.7724,-64.6535,112.8562,102.402,0.0,0.0,0.0,1.458,4,3
71.8251,-65.4177,111.7239,101.606,0.0,0.004,0.0,0.301,4,3
71.8779,-66.1415,110.3828,102.519,0.0,0.0,0.0,1.233,4,3
71.9306,-66.8908,109.0248,101.811,0.0,0.004,0.0,1.435,4,3
71.9834,-67.5005,107.7166,101.575,0.0,0.003,0.002,1.567,4,3
72.0361,-68.1765,106.2356,102.894,0.0,0.031,0.0,1.168,4,3
72.0889,-68.6574,104.7301,101.848,0.0,0.042,0.0,0.981,4,3
72.1416,-69.3973,103.5596,101.763,0.0,0.0,0.0,1.233,4,3
72.1944,-69.8033,102.1376,102.048,0.0,0.0,0.022,1.793,4,3
72.2471,-70.385,100.8155,102.683,0.0,0.0,0.0,1.281,4,3
72.2999,-71.1057,99.3612,101.743,0.0,0.0,0.054,1.133,4,3
72.3526,-71.5292,97.8667,102.286,0.0,0.0,0.027,1.331,4,3
72.4054,-71.9366,96.4616,101.904,0.0,0.003,0.025,0.999,4,3
72.4581,-72.3703,94.9012,101.954,0.0,0.0,0.0,1.308,4,3
72.5109,-72.7191,93.4615,103.45,0.0,0.01,0.012,0.974,4,3
72.5636,-73.1151,92.118,102.042,0.0,0.0,0.0,0.714,4,3
72.6164,-73.3994,90.6505,102.383,0.0,0.006,0.0,0.877,4,3
72.6691,-73.6524,89.2327,101.588,0.0,0.0,0.0,1.235,4,3
72.7219,-73.978,87.7282,101.606,0.0,0.0,0.022,1.249,4,3
72.7747,-74.2193,86.1862,101.887,0.0,0.0,0.0,1.176,4,3
72.8274,-74.3195,84.7899,102.359,0.0,0.0,0.0,1.349,4,3
72.8802,-74.6237,83.2248,101.497,0.0,0.0,0.026,1.42,4,3
72.9329,-74.8112,81.7075,102.508,0.0,0.0,0.013,1.183,4,3
72.9857,-74.8136,80.3127,102.118,0.0,0.001,0.0,0.882,4,3
73.0384,-74.8743,78.8147,100.965,0.0,0.0,0.024,0.943,4,3
73.0912,-74.9397,77.1726,101.72,0.0,0.018,0.0,1.416,4,3
73.1439,-75.0187,75.7011,103.23,0.0,0.002,0.0,1.107,4,3
73.1967,-75.0402,74.1858,102.163,0.0,0.01,0.012,1.396,4,3
73.2494,-74.9522,72.6954,102.536,0.0,0.005,0.033,1.229,4,3
73.3022,-74.9551,71.2833,102.577,0.0,0.036,0.005,1.05,4,3
73.3549,-74.6972,69.694,101.592,0.0,0.0,0.011,1.086,4,3
73.4077,-74.6121,68.3554,102.629,0.0,0.0,0.0,1.24,4,3
73.4604,-74.5973,66.7508,101.792,0.0,0.004,0.0,0.89,4,3
73.5132,-74.2969,65.2349,102.202,0.0,0.0,0.011,0.804,4,3
73.5659,-74.0776,63.8441,101.986,0.0,0.0,0.004,1.078,4,3
73.6187,-73.8689,62.2554,102.548,0.0,0.0,0.001,1.096,4,3
73.6714,-73.5633,60.6868,101.476,0.0,0.003,0.0,1.417,4,3
73.7242,-73.2523,59.4577,102.844,0.0,0.016,0.0,1.419,4,3
73.777,-72.9281,57.9406,102.712,0.0,0.007,0.016,1.392,4,3
73.8297,-72.7325,56.4617,101.746,0.0,0.022,0.0,1.698,4,3
73.8825,-72.1781,54.9081,102.995,0.0,0.015,0.0,1.087,4,3
73.9352,-71.7391,53.4917,102.327,0.0,0.0,0.018,1.703,4,3
73.988,-71.4588,52.1729,102.914,0.0,0.006,0.008,1.38,4,3
74.0407,-70.9094,50.6346,103.631,0.0,0.023,0.0,1.415,4,3
74.0935,-70.3053,49.3124,103.213,0.0,0.013,0.025,1.625,4,3
74.1462,-69.9881,47.7177,103.217,0.0,0.0,0.008,1.229,4,3
74.199,-69.3765,46.3995,101.839,0.0,0.006,0.0,1.078,4,3
74.2517,-68.7857,44.9911,102.744,0.0,0.019,0.011,1.232,4,3
74.3045,-68.1861,43.6965,101.0,0.0,0.0,0.015,1.091,4,3
74.3572,-67.4327,42.4132,102.899,0.0,0.0,0.0,1.538,4,3
74.41,-66.7517,41.1226,102.668,0.0,0.036,0.042,0.704,4,3
74.4627,-66.1761,39.7612,102.015,0.0,0.001,0.0,1.691,4,3
74.5155,-65.4484,38.4504,102.389,0.0,0.028,0.0,1.031,4,3
74.5682,-64.6904,36.8993,101.864,0.0,0.009,0.009,1.994,4,3
74.621,-63.8624,35.8746,102.385,0.0,0.0,0.016,0.877,4,3
74.6737,-63.2477,34.6599,103.515,0.0,0.025,0.02,0.879,4,3
74.7265,-62.3643,33.2844,103.784,0.0,0.028,0.0,1.541,4,3
74.7792,-61.5717,32.116,100.929,0.0,0.0,0.029,1.487,4,3
74.832,-60.6139,30.8054,103.127,0.0,0.026,0.028,1.084,4,3
74.8848,-59.6398,29.6257,102.764,0.0,0.001,0.0,1.013,4,3
74.9375,-58.8581,28.1345,102.568,0.0,0.022,0.0,1.297,4,3
74.9903,-57.9838,27.0618,102.597,0.0,0.0,0.0,1.298,4,3
75.043,-56.881,26.1967,103.013,0.0,0.011,0.0,1.277,4,3
75.0958,-55.9166,25.0123,101.551,0.0,0.02,0.0,1.228,4,3
75.1485,-54.7879,23.8304,102.418,0.0,0.001,0.02,1.602,4,3
75.2013,-53.8657,22.7887,103.011,0.0,0.034,0.018,1.287,4,3
75.254,-52.9252,21.6461,102.326,0.0,0.0,0.018,1.635,4,3
75.3068,-51.6834,20.6841,103.432,0.0,0.0,0.032,0.978,4,3
75.3595,-50.5771,19.5679,102.412,0.0,0.021,0.0,1.164,4,3
75.4123,-49.5568,18.6613,102.511,0.0,0.011,0.0,0.843,4,3
75.465,-48.3319,17.8967,102.526,0.0,0.0,0.0,1.838,4,3
75.5178,-47.091,16.5778,103.724,0.0,0.0,0.0,0.791,4,3
75.5705,-46.1814,15.8883,102.727,0.0,0.016,0.007,1.131,4,3
75.6233,-44.7833,14.9629,103.101,0.0,0.028,0.0,0.803,4,3
75.676,-43.6207,13.9409,101.619,0.0,0.0,0.0,0.825,4,3
75.7288,-42.3206,13.0165,103.041,0.0,0.0,0.033,0.718,4,3
75.7815,-41.2359,12.3034,100.4,0.0,0.042,0.0,1.048,4,3
75.8343,-39.874,11.4427,102.435,0.0,0.025,0.0,1.056,4,3
75.887,-38.59,10.6776,102.264,0.0,0.0,0.0,0.839,4,3
75.9398,-37.2177,9.9435,104.14,0.0,0.001,0.007,1.462,4,3
75.9926,-36.0652,9.204,102.142,0.0,0.0,0.03,1.246,4,3
76.0453,-34.6722,8.4657,103.325,0.0,0.0,0.008,1.202,4,3
76.0981,-33.1774,7.6541,102.501,0.0,0.0,0.027,1.472,4,3
76.1508,-31.8766,7.0636,101.753,0.0,0.019,0.012,1.548,4,3
76.2036,-30.6852,6.69,102.376,0.0,0.027,0.0,1.074,4,3
76.2563,-29.2423,5.9618,103.532,0.0,0.028,0.0,1.256,4,3
76.3091,-27.8823,5.3195,101.048,0.0,0.0,0.028,1.052,4,3
76.3618,-26.5135,4.7417,101.553,0.0,0.0,0.0,1.185,4,3
76.4146,-25.0946,4.2075,102.436,0.0,0.003,0.037,1.136,4,3
76.4673,-23.5162,3.8371,102.53,0.0,0.004,0.0,1.536,4,3
76.5201,-22.0905,3.3909,102.132,0.0,0.0,0.0,1.62,4,3
76.5728,-20.5701,3.0346,102.577,0.0,0.0,0.022,1.489,4,3
76.6256,-19.4447,2.5714,102.117,0.0,0.0,0.0,1.359,4,3
76.6783,-17.8548,2.2752,102.477,0.0,0.0,0.0,1.092,4,3
76.7311,-16.3263,1.828,101.747,0.0,0.027,0.017,1.799,4,3
76.7838,-14.9004,1.4101,101.398,0.0,0.0,0.024,1.049,4,3
76.8366,-13.342,1.3593,100.998,0.0,0.0,0.0,1.075,4,3
76.8893,-11.9017,1.1385,103.179,0.0,0.0,0.0,1.605,4,3
76.9421,-10.4106,0.7797,101.302,0.0,0.008,0.0,1.983,4,3
76.9949,-8.8563,0.5337,102.0,0.0,0.012,0.0,0.765,4,3
77.0476,-7.5143,0.3524,103.326,0.0,0.004,0.0,1.282,4,3
77.1004,-5.9222,0.3936,103.029,0.0,0.0,0.034,1.23,4,3
77.1531,-4.3519,-0.0907,102.646,0.0,0.001,0.008,0.962,4,3
77.2059,-3.0514,-0.0489,101.435,0.0,0.031,0.0,0.916,4,3
77.2586,-1.5231,0.0264,102.291,0.0,0.004,0.0,0.932,4,3
77.3114,-0.0341,-0.0341,101.519,0.0,0.031,0.0,1.625,4,3
